Record_ID,Household_ID,Timestamp,Date,Hour_of_Day,Day_of_Week,Is_Weekend,Household_Size,Dwelling_Type,Region,Square_Footage,Temperature_F,Humidity_Pct,Active_Power_kW,Reactive_Power_kVAR,Voltage_V,Solar_Generation_kW,Net_Consumption_kW,Peak_Hour_Flag,Anomaly_Flag,Consumption_Class
REC-0001,HH-101,2026-01-12 03:00,2026-01-12,3,Monday,0,3,Single Family,North District,"2,200",21.6,86.7%,1.98,0.38,240.6,0.00,1.98,0,0,Moderate
REC-0002,HH-101,2026-01-12 07:00,2026-01-12,7,Monday,0,3,Single Family,North District,"2,200",25.3,85.0%,3.37,0.64,240.1,0.00,3.37,0,0,High
REC-0003,HH-101,2026-01-14 13:00,2026-01-14,13,Wednesday,0,3,Single Family,North District,"2,200",39.1,75.1%,2.04,0.39,240.5,3.69,-1.65,0,0,Moderate
REC-0004,HH-101,2026-01-14 18:00,2026-01-14,18,Wednesday,0,3,Single Family,North District,"2,200",33.8,74.6%,4.03,0.77,239.9,0.00,4.03,1,0,High
REC-0005,HH-101,2026-01-17 11:00,2026-01-17,11,Saturday,1,3,Single Family,North District,"2,200",43.5,68.0%,2.42,0.46,240.4,2.82,-0.40,0,0,Moderate
REC-0006,HH-101,2026-01-17 19:00,2026-01-17,19,Saturday,1,3,Single Family,North District,"2,200",33.7,77.0%,0.08,0.02,268.1,0.00,0.08,1,1,Critical Peak
REC-0007,HH-101,2026-02-03 08:00,2026-02-03,8,Tuesday,0,3,Single Family,North District,"2,200",25.9,84.5%,3.69,0.70,240.0,0.00,3.69,0,0,High
REC-0008,HH-101,2026-02-08 14:00,2026-02-08,14,Sunday,1,3,Single Family,North District,"2,200",47.7,68.2%,2.47,0.47,240.4,3.98,-1.51,0,0,Moderate
REC-0009,HH-101,2026-02-19 20:00,2026-02-19,20,Thursday,0,3,Single Family,North District,"2,200",39.6,69.9%,3.93,0.75,239.9,0.00,3.93,1,0,High
REC-0010,HH-101,2026-03-05 23:00,2026-03-05,23,Thursday,0,3,Single Family,North District,"2,200",43.7,67.8%,1.26,0.24,240.8,0.00,1.26,0,0,Low
REC-0011,HH-102,2026-01-12 03:00,2026-01-12,3,Monday,0,2,Apartment,West Hills,729,25.3,83.8%,1.42,0.30,240.9,0.00,1.42,0,0,Low
REC-0012,HH-102,2026-01-12 07:00,2026-01-12,7,Monday,0,2,Apartment,West Hills,729,29.0,82.0%,2.22,0.47,240.7,0.00,2.22,0,0,Moderate
REC-0013,HH-102,2026-01-14 13:00,2026-01-14,13,Wednesday,0,2,Apartment,West Hills,729,40.0,74.4%,1.32,0.28,241.0,0.00,1.32,0,0,Low
REC-0014,HH-102,2026-01-14 18:00,2026-01-14,18,Wednesday,0,2,Apartment,West Hills,729,34.7,73.8%,2.63,0.55,240.6,0.00,2.63,1,0,Moderate
REC-0015,HH-102,2026-01-17 11:00,2026-01-17,11,Saturday,1,2,Apartment,West Hills,729,44.4,67.3%,1.51,0.32,240.9,0.00,1.51,0,0,Low
REC-0016,HH-102,2026-01-17 19:00,2026-01-17,19,Saturday,1,2,Apartment,West Hills,729,37.4,74.1%,2.67,0.56,240.5,0.00,2.67,1,0,Moderate
REC-0017,HH-102,2026-02-03 08:00,2026-02-03,8,Tuesday,0,2,Apartment,West Hills,729,29.6,81.5%,2.50,0.53,240.6,0.00,2.50,0,0,Moderate
REC-0018,HH-102,2026-02-08 14:00,2026-02-08,14,Sunday,1,2,Apartment,West Hills,729,51.4,65.3%,1.46,0.31,240.9,0.00,1.46,0,0,Low
REC-0019,HH-102,2026-02-19 20:00,2026-02-19,20,Thursday,0,2,Apartment,West Hills,729,43.3,67.0%,2.44,0.51,240.6,0.00,2.44,1,0,Moderate
REC-0020,HH-102,2026-03-05 23:00,2026-03-05,23,Thursday,0,2,Apartment,West Hills,729,44.6,67.1%,1.23,0.26,241.0,0.00,1.23,0,0,Low
REC-0021,HH-103,2026-01-12 03:00,2026-01-12,3,Monday,0,2,Townhouse,East Metro,"1,576",27.2,82.2%,1.41,0.32,241.1,0.00,1.41,0,0,Low
REC-0022,HH-103,2026-01-12 07:00,2026-01-12,7,Monday,0,2,Townhouse,East Metro,"1,576",30.9,80.5%,2.42,0.56,240.8,0.00,2.42,0,0,Moderate
REC-0023,HH-103,2026-01-14 13:00,2026-01-14,13,Wednesday,0,2,Townhouse,East Metro,"1,576",44.7,70.6%,1.29,0.30,241.2,3.69,-2.40,0,0,Low
REC-0024,HH-103,2026-01-14 18:00,2026-01-14,18,Wednesday,0,2,Townhouse,East Metro,"1,576",39.4,70.1%,2.84,0.65,240.7,0.00,2.84,1,0,Moderate
REC-0025,HH-103,2026-01-17 11:00,2026-01-17,11,Saturday,1,2,Townhouse,East Metro,"1,576",49.1,63.5%,1.54,0.35,241.1,2.82,-1.28,0,0,Low
REC-0026,HH-103,2026-01-17 19:00,2026-01-17,19,Saturday,1,2,Townhouse,East Metro,"1,576",42.1,70.3%,2.89,0.66,240.7,0.00,2.89,1,0,Moderate
REC-0027,HH-103,2026-02-03 08:00,2026-02-03,8,Tuesday,0,2,Townhouse,East Metro,"1,576",31.5,80.0%,2.71,0.62,240.7,0.00,2.71,0,0,Moderate
REC-0028,HH-103,2026-02-08 14:00,2026-02-08,14,Sunday,1,2,Townhouse,East Metro,"1,576",53.3,63.8%,1.72,0.40,241.0,3.98,-2.26,0,0,Moderate
REC-0029,HH-103,2026-02-19 20:00,2026-02-19,20,Thursday,0,2,Townhouse,East Metro,"1,576",45.2,65.4%,2.76,0.63,240.7,0.00,2.76,1,0,Moderate
REC-0030,HH-103,2026-03-05 23:00,2026-03-05,23,Thursday,0,2,Townhouse,East Metro,"1,576",49.3,63.4%,1.15,0.26,241.2,0.00,1.15,0,0,Low
REC-0031,HH-104,2026-01-12 03:00,2026-01-12,3,Monday,0,2,Duplex,South Valley,"1,791",30.9,79.3%,1.77,0.44,240.6,0.00,1.77,0,0,Moderate
REC-0032,HH-104,2026-01-12 07:00,2026-01-12,7,Monday,0,2,Duplex,South Valley,"1,791",34.6,77.5%,2.29,0.57,240.5,0.00,2.29,0,0,Moderate
REC-0033,HH-104,2026-01-14 13:00,2026-01-14,13,Wednesday,0,2,Duplex,South Valley,"1,791",48.4,67.7%,1.13,0.28,240.8,0.00,1.13,0,0,Low
REC-0034,HH-104,2026-01-14 18:00,2026-01-14,18,Wednesday,0,2,Duplex,South Valley,"1,791",40.3,69.4%,2.87,0.72,240.3,0.00,2.87,1,0,Moderate
REC-0035,HH-104,2026-01-17 11:00,2026-01-17,11,Saturday,1,2,Duplex,South Valley,"1,791",50.0,62.8%,1.52,0.38,240.7,0.00,1.52,0,0,Low
REC-0036,HH-104,2026-01-17 19:00,2026-01-17,19,Saturday,1,2,Duplex,South Valley,"1,791",43.0,69.6%,2.92,0.73,240.3,0.00,2.92,1,0,Moderate
REC-0037,HH-104,2026-02-03 08:00,2026-02-03,8,Tuesday,0,2,Duplex,South Valley,"1,791",35.2,77.0%,12.30,3.08,202.4,0.00,12.30,0,1,Critical Peak
REC-0038,HH-104,2026-02-08 14:00,2026-02-08,14,Sunday,1,2,Duplex,South Valley,"1,791",57.0,60.8%,1.75,0.44,240.6,0.00,1.75,0,0,Moderate
REC-0039,HH-104,2026-02-19 20:00,2026-02-19,20,Thursday,0,2,Duplex,South Valley,"1,791",48.9,62.5%,2.66,0.67,240.3,0.00,2.66,1,0,Moderate
REC-0040,HH-104,2026-03-05 23:00,2026-03-05,23,Thursday,0,2,Duplex,South Valley,"1,791",53.0,60.4%,1.11,0.28,240.8,0.00,1.11,0,0,Low
REC-0041,HH-105,2026-01-12 03:00,2026-01-12,3,Monday,0,4,Single Family,North District,"2,748",20.8,87.4%,2.57,0.69,240.6,0.00,2.57,0,0,Moderate
REC-0042,HH-105,2026-01-12 07:00,2026-01-12,7,Monday,0,4,Single Family,North District,"2,748",24.5,85.6%,4.32,1.17,240.0,0.00,4.32,0,0,High
REC-0043,HH-105,2026-01-14 13:00,2026-01-14,13,Wednesday,0,4,Single Family,North District,"2,748",38.3,75.8%,2.27,0.61,240.7,3.69,-1.42,0,0,Moderate
REC-0044,HH-105,2026-01-14 18:00,2026-01-14,18,Wednesday,0,4,Single Family,North District,"2,748",33.0,75.2%,4.66,1.26,239.9,0.00,4.66,1,0,High
REC-0045,HH-105,2026-01-17 11:00,2026-01-17,11,Saturday,1,4,Single Family,North District,"2,748",42.7,68.6%,2.75,0.74,240.5,2.82,-0.07,0,0,Moderate
REC-0046,HH-105,2026-01-17 19:00,2026-01-17,19,Saturday,1,4,Single Family,North District,"2,748",35.7,75.4%,4.76,1.29,239.9,0.00,4.76,1,0,High
REC-0047,HH-105,2026-02-03 08:00,2026-02-03,8,Tuesday,0,4,Single Family,North District,"2,748",27.9,82.9%,3.99,1.08,240.1,0.00,3.99,0,0,High
REC-0048,HH-105,2026-02-08 14:00,2026-02-08,14,Sunday,1,4,Single Family,North District,"2,748",46.9,68.9%,2.83,0.76,240.5,3.98,-1.15,0,0,Moderate
REC-0049,HH-105,2026-02-19 20:00,2026-02-19,20,Thursday,0,4,Single Family,North District,"2,748",38.8,70.6%,4.53,1.22,240.0,0.00,4.53,1,0,High
REC-0050,HH-105,2026-03-05 23:00,2026-03-05,23,Thursday,0,4,Single Family,North District,"2,748",42.9,68.5%,1.94,0.52,240.8,0.00,1.94,0,0,Moderate
REC-0051,HH-106,2026-01-12 03:00,2026-01-12,3,Monday,0,2,Apartment,West Hills,"1,045",24.5,84.4%,1.86,0.35,241.0,0.00,1.86,0,0,Moderate
REC-0052,HH-106,2026-01-12 07:00,2026-01-12,7,Monday,0,2,Apartment,West Hills,"1,045",28.2,82.6%,2.73,0.52,240.7,0.00,2.73,0,0,Moderate
REC-0053,HH-106,2026-01-14 13:00,2026-01-14,13,Wednesday,0,2,Apartment,West Hills,"1,045",42.0,72.8%,1.66,0.32,241.1,0.00,1.66,0,0,Moderate
REC-0054,HH-106,2026-01-14 18:00,2026-01-14,18,Wednesday,0,2,Apartment,West Hills,"1,045",36.7,72.2%,2.52,0.48,240.8,0.00,2.52,1,0,Moderate
REC-0055,HH-106,2026-01-17 11:00,2026-01-17,11,Saturday,1,2,Apartment,West Hills,"1,045",43.6,67.9%,1.45,0.28,241.1,0.00,1.45,0,0,Low
REC-0056,HH-106,2026-01-17 19:00,2026-01-17,19,Saturday,1,2,Apartment,West Hills,"1,045",36.6,74.7%,2.69,0.51,240.7,0.00,2.69,1,0,Moderate
REC-0057,HH-106,2026-02-03 08:00,2026-02-03,8,Tuesday,0,2,Apartment,West Hills,"1,045",28.8,82.2%,2.47,0.47,240.8,0.00,2.47,0,0,Moderate
REC-0058,HH-106,2026-02-08 14:00,2026-02-08,14,Sunday,1,2,Apartment,West Hills,"1,045",50.6,65.9%,1.38,0.26,241.2,0.00,1.38,0,0,Low
REC-0059,HH-106,2026-02-19 20:00,2026-02-19,20,Thursday,0,2,Apartment,West Hills,"1,045",42.5,67.6%,2.45,0.47,240.8,0.00,2.45,1,0,Moderate
REC-0060,HH-106,2026-03-05 23:00,2026-03-05,23,Thursday,0,2,Apartment,West Hills,"1,045",46.6,65.5%,1.01,0.19,241.3,0.00,1.01,0,0,Low
REC-0061,HH-107,2026-01-12 03:00,2026-01-12,3,Monday,0,2,Townhouse,East Metro,"1,428",29.2,80.6%,1.65,0.35,240.7,0.00,1.65,0,0,Moderate
REC-0062,HH-107,2026-01-12 07:00,2026-01-12,7,Monday,0,2,Townhouse,East Metro,"1,428",30.1,81.1%,2.75,0.58,240.3,0.00,2.75,0,0,Moderate
REC-0063,HH-107,2026-01-14 13:00,2026-01-14,13,Wednesday,0,2,Townhouse,East Metro,"1,428",43.9,71.3%,1.63,0.34,240.7,3.69,-2.06,0,0,Moderate
REC-0064,HH-107,2026-01-14 18:00,2026-01-14,18,Wednesday,0,2,Townhouse,East Metro,"1,428",38.6,70.7%,3.15,0.66,240.2,0.00,3.15,1,0,Moderate
REC-0065,HH-107,2026-01-17 11:00,2026-01-17,11,Saturday,1,2,Townhouse,East Metro,"1,428",48.3,64.2%,1.32,0.28,240.8,2.82,-1.50,0,0,Low
REC-0066,HH-107,2026-01-17 19:00,2026-01-17,19,Saturday,1,2,Townhouse,East Metro,"1,428",41.3,71.0%,2.64,0.55,240.4,0.00,2.64,1,0,Moderate
REC-0067,HH-107,2026-02-03 08:00,2026-02-03,8,Tuesday,0,2,Townhouse,East Metro,"1,428",33.5,78.4%,2.36,0.50,240.4,0.00,2.36,0,0,Moderate
REC-0068,HH-107,2026-02-08 14:00,2026-02-08,14,Sunday,1,2,Townhouse,East Metro,"1,428",55.3,62.2%,0.08,0.02,268.1,3.98,-3.90,0,1,Critical Peak
REC-0069,HH-107,2026-02-19 20:00,2026-02-19,20,Thursday,0,2,Townhouse,East Metro,"1,428",44.4,66.1%,2.52,0.53,240.4,0.00,2.52,1,0,Moderate
REC-0070,HH-107,2026-03-05 23:00,2026-03-05,23,Thursday,0,2,Townhouse,East Metro,"1,428",48.5,64.0%,0.95,0.20,240.9,0.00,0.95,0,0,Low
REC-0071,HH-108,2026-01-12 03:00,2026-01-12,3,Monday,0,3,Duplex,South Valley,"1,529",30.1,79.9%,1.70,0.39,240.9,0.00,1.70,0,0,Moderate
REC-0072,HH-108,2026-01-12 07:00,2026-01-12,7,Monday,0,3,Duplex,South Valley,"1,529",33.8,78.2%,2.92,0.67,240.5,0.00,2.92,0,0,Moderate
REC-0073,HH-108,2026-01-14 13:00,2026-01-14,13,Wednesday,0,3,Duplex,South Valley,"1,529",47.6,68.3%,1.68,0.39,240.9,0.00,1.68,0,0,Moderate
REC-0074,HH-108,2026-01-14 18:00,2026-01-14,18,Wednesday,0,3,Duplex,South Valley,"1,529",42.3,67.8%,3.48,0.80,240.3,0.00,3.48,1,0,High
REC-0075,HH-108,2026-01-17 11:00,2026-01-17,11,Saturday,1,3,Duplex,South Valley,"1,529",52.0,61.2%,2.09,0.48,240.7,0.00,2.09,0,0,Moderate
REC-0076,HH-108,2026-01-17 19:00,2026-01-17,19,Saturday,1,3,Duplex,South Valley,"1,529",42.2,70.2%,3.11,0.72,240.4,0.00,3.11,1,0,Moderate
REC-0077,HH-108,2026-02-03 08:00,2026-02-03,8,Tuesday,0,3,Duplex,South Valley,"1,529",34.4,77.7%,2.68,0.62,240.5,0.00,2.68,0,0,Moderate
REC-0078,HH-108,2026-02-08 14:00,2026-02-08,14,Sunday,1,3,Duplex,South Valley,"1,529",56.2,61.4%,1.78,0.41,240.8,0.00,1.78,0,0,Moderate
REC-0079,HH-108,2026-02-19 20:00,2026-02-19,20,Thursday,0,3,Duplex,South Valley,"1,529",48.1,63.1%,2.83,0.65,240.5,0.00,2.83,1,0,Moderate
REC-0080,HH-108,2026-03-05 23:00,2026-03-05,23,Thursday,0,3,Duplex,South Valley,"1,529",52.2,61.0%,1.04,0.24,241.1,0.00,1.04,0,0,Low
REC-0081,HH-109,2026-01-12 03:00,2026-01-12,3,Monday,0,5,Single Family,North District,"3,296",22.8,85.8%,2.48,0.62,240.8,0.00,2.48,0,0,Moderate
REC-0082,HH-109,2026-01-12 07:00,2026-01-12,7,Monday,0,5,Single Family,North District,"3,296",26.5,84.0%,4.60,1.15,240.1,0.00,4.60,0,0,High
REC-0083,HH-109,2026-01-14 13:00,2026-01-14,13,Wednesday,0,5,Single Family,North District,"3,296",37.5,76.4%,3.04,0.76,240.6,3.69,-0.65,0,0,Moderate
REC-0084,HH-109,2026-01-14 18:00,2026-01-14,18,Wednesday,0,5,Single Family,North District,"3,296",32.2,75.8%,5.84,1.46,239.7,0.00,5.84,1,0,Critical Peak
REC-0085,HH-109,2026-01-17 11:00,2026-01-17,11,Saturday,1,5,Single Family,North District,"3,296",41.9,69.3%,3.64,0.91,240.4,2.82,0.82,0,0,High
REC-0086,HH-109,2026-01-17 19:00,2026-01-17,19,Saturday,1,5,Single Family,North District,"3,296",34.9,76.1%,5.96,1.49,239.7,0.00,5.96,1,0,Critical Peak
REC-0087,HH-109,2026-02-03 08:00,2026-02-03,8,Tuesday,0,5,Single Family,North District,"3,296",27.1,83.5%,4.41,1.10,240.2,0.00,4.41,0,0,High
REC-0088,HH-109,2026-02-08 14:00,2026-02-08,14,Sunday,1,5,Single Family,North District,"3,296",48.9,67.3%,3.06,0.77,240.6,3.98,-0.92,0,0,Moderate
REC-0089,HH-109,2026-02-19 20:00,2026-02-19,20,Thursday,0,5,Single Family,North District,"3,296",40.8,69.0%,5.01,1.25,240.0,0.00,5.01,1,0,High
REC-0090,HH-109,2026-03-05 23:00,2026-03-05,23,Thursday,0,5,Single Family,North District,"3,296",42.1,69.1%,2.07,0.52,240.9,0.00,2.07,0,0,Moderate
REC-0091,HH-110,2026-01-12 03:00,2026-01-12,3,Monday,0,2,Apartment,West Hills,861,23.7,85.0%,1.67,0.45,240.7,0.00,1.67,0,0,Moderate
REC-0092,HH-110,2026-01-12 07:00,2026-01-12,7,Monday,0,2,Apartment,West Hills,861,27.4,83.3%,2.50,0.68,240.4,0.00,2.50,0,0,Moderate
REC-0093,HH-110,2026-01-14 13:00,2026-01-14,13,Wednesday,0,2,Apartment,West Hills,861,41.2,73.4%,1.45,0.39,240.7,0.00,1.45,0,0,Low
REC-0094,HH-110,2026-01-14 18:00,2026-01-14,18,Wednesday,0,2,Apartment,West Hills,861,35.9,72.9%,2.80,0.76,240.3,0.00,2.80,1,0,Moderate
REC-0095,HH-110,2026-01-17 11:00,2026-01-17,11,Saturday,1,2,Apartment,West Hills,861,45.6,66.3%,1.65,0.45,240.7,0.00,1.65,0,0,Moderate
REC-0096,HH-110,2026-01-17 19:00,2026-01-17,19,Saturday,1,2,Apartment,West Hills,861,38.6,73.1%,2.84,0.77,240.3,0.00,2.84,1,0,Moderate
REC-0097,HH-110,2026-02-03 08:00,2026-02-03,8,Tuesday,0,2,Apartment,West Hills,861,28.0,82.8%,2.78,0.75,240.3,0.00,2.78,0,0,Moderate
REC-0098,HH-110,2026-02-08 14:00,2026-02-08,14,Sunday,1,2,Apartment,West Hills,861,49.8,66.6%,1.12,0.30,240.8,0.00,1.12,0,0,Low
REC-0099,HH-110,2026-02-19 20:00,2026-02-19,20,Thursday,0,2,Apartment,West Hills,861,41.7,68.2%,12.50,3.38,202.4,0.00,12.50,1,1,Critical Peak
REC-0100,HH-110,2026-03-05 23:00,2026-03-05,23,Thursday,0,2,Apartment,West Hills,861,45.8,66.2%,0.81,0.22,240.9,0.00,0.81,0,0,Low
REC-0101,HH-111,2026-01-12 03:00,2026-01-12,3,Monday,0,2,Townhouse,East Metro,"1,880",28.4,81.3%,1.55,0.29,240.9,0.00,1.55,0,0,Low
REC-0102,HH-111,2026-01-12 07:00,2026-01-12,7,Monday,0,2,Townhouse,East Metro,"1,880",32.1,79.5%,2.64,0.50,240.6,0.00,2.64,0,0,Moderate
REC-0103,HH-111,2026-01-14 13:00,2026-01-14,13,Wednesday,0,2,Townhouse,East Metro,"1,880",45.9,69.7%,1.46,0.28,240.9,3.69,-2.23,0,0,Low
REC-0104,HH-111,2026-01-14 18:00,2026-01-14,18,Wednesday,0,2,Townhouse,East Metro,"1,880",37.8,71.4%,3.23,0.61,240.4,0.00,3.23,1,0,High
REC-0105,HH-111,2026-01-17 11:00,2026-01-17,11,Saturday,1,2,Townhouse,East Metro,"1,880",47.5,64.8%,1.87,0.36,240.8,2.82,-0.95,0,0,Moderate
REC-0106,HH-111,2026-01-17 19:00,2026-01-17,19,Saturday,1,2,Townhouse,East Metro,"1,880",40.5,71.6%,0.08,0.02,268.1,0.00,0.08,1,1,Critical Peak
REC-0107,HH-111,2026-02-03 08:00,2026-02-03,8,Tuesday,0,2,Townhouse,East Metro,"1,880",32.7,79.0%,2.94,0.56,240.5,0.00,2.94,0,0,Moderate
REC-0108,HH-111,2026-02-08 14:00,2026-02-08,14,Sunday,1,2,Townhouse,East Metro,"1,880",54.5,62.8%,1.98,0.38,240.8,3.98,-2.00,0,0,Moderate
REC-0109,HH-111,2026-02-19 20:00,2026-02-19,20,Thursday,0,2,Townhouse,East Metro,"1,880",46.4,64.5%,2.47,0.47,240.6,0.00,2.47,1,0,Moderate
REC-0110,HH-111,2026-03-05 23:00,2026-03-05,23,Thursday,0,2,Townhouse,East Metro,"1,880",50.5,62.4%,0.78,0.15,241.2,0.00,0.78,0,0,Low
REC-0111,HH-112,2026-01-12 03:00,2026-01-12,3,Monday,0,4,Duplex,South Valley,"1,917",29.3,80.6%,1.72,0.36,241.0,0.00,1.72,0,0,Moderate
REC-0112,HH-112,2026-01-12 07:00,2026-01-12,7,Monday,0,4,Duplex,South Valley,"1,917",33.0,78.8%,3.26,0.68,240.6,0.00,3.26,0,0,High
REC-0113,HH-112,2026-01-14 13:00,2026-01-14,13,Wednesday,0,4,Duplex,South Valley,"1,917",46.8,69.0%,1.86,0.39,241.0,0.00,1.86,0,0,Moderate
REC-0114,HH-112,2026-01-14 18:00,2026-01-14,18,Wednesday,0,4,Duplex,South Valley,"1,917",41.5,68.4%,4.02,0.84,240.3,0.00,4.02,1,0,High
REC-0115,HH-112,2026-01-17 11:00,2026-01-17,11,Saturday,1,4,Duplex,South Valley,"1,917",51.2,61.8%,2.33,0.49,240.9,0.00,2.33,0,0,Moderate
REC-0116,HH-112,2026-01-17 19:00,2026-01-17,19,Saturday,1,4,Duplex,South Valley,"1,917",44.2,68.6%,4.10,0.86,240.3,0.00,4.10,1,0,High
REC-0117,HH-112,2026-02-03 08:00,2026-02-03,8,Tuesday,0,4,Duplex,South Valley,"1,917",36.4,76.1%,3.46,0.73,240.5,0.00,3.46,0,0,High
REC-0118,HH-112,2026-02-08 14:00,2026-02-08,14,Sunday,1,4,Duplex,South Valley,"1,917",55.4,62.1%,2.59,0.54,240.8,0.00,2.59,0,0,Moderate
REC-0119,HH-112,2026-02-19 20:00,2026-02-19,20,Thursday,0,4,Duplex,South Valley,"1,917",47.3,63.8%,3.90,0.82,240.4,0.00,3.90,1,0,High
REC-0120,HH-112,2026-03-05 23:00,2026-03-05,23,Thursday,0,4,Duplex,South Valley,"1,917",51.4,61.7%,1.10,0.23,241.2,0.00,1.10,0,0,Low
REC-0121,HH-113,2026-01-12 03:00,2026-01-12,3,Monday,0,3,Single Family,North District,"2,444",22.0,86.4%,1.94,0.45,240.6,0.00,1.94,0,0,Moderate
REC-0122,HH-113,2026-01-12 07:00,2026-01-12,7,Monday,0,3,Single Family,North District,"2,444",25.7,84.6%,3.40,0.78,240.1,0.00,3.40,0,0,High
REC-0123,HH-113,2026-01-14 13:00,2026-01-14,13,Wednesday,0,3,Single Family,North District,"2,444",39.5,74.8%,2.04,0.47,240.5,3.69,-1.65,0,0,Moderate
REC-0124,HH-113,2026-01-14 18:00,2026-01-14,18,Wednesday,0,3,Single Family,North District,"2,444",34.2,74.2%,4.10,0.94,239.9,0.00,4.10,1,0,High
REC-0125,HH-113,2026-01-17 11:00,2026-01-17,11,Saturday,1,3,Single Family,North District,"2,444",41.1,69.9%,2.56,0.59,240.4,2.82,-0.26,0,0,Moderate
REC-0126,HH-113,2026-01-17 19:00,2026-01-17,19,Saturday,1,3,Single Family,North District,"2,444",34.1,76.7%,4.30,0.99,239.8,0.00,4.30,1,0,High
REC-0127,HH-113,2026-02-03 08:00,2026-02-03,8,Tuesday,0,3,Single Family,North District,"2,444",26.3,84.2%,3.72,0.86,240.0,0.00,3.72,0,0,High
REC-0128,HH-113,2026-02-08 14:00,2026-02-08,14,Sunday,1,3,Single Family,North District,"2,444",48.1,67.9%,2.49,0.57,240.4,3.98,-1.49,0,0,Moderate
REC-0129,HH-113,2026-02-19 20:00,2026-02-19,20,Thursday,0,3,Single Family,North District,"2,444",40.0,69.6%,3.99,0.92,239.9,0.00,3.99,1,0,High
REC-0130,HH-113,2026-03-05 23:00,2026-03-05,23,Thursday,0,3,Single Family,North District,"2,444",44.1,67.5%,1.79,0.41,240.6,0.00,1.79,0,0,Moderate
REC-0131,HH-114,2026-01-12 03:00,2026-01-12,3,Monday,0,2,Apartment,West Hills,677,25.7,83.4%,1.35,0.34,241.0,0.00,1.35,0,0,Low
REC-0132,HH-114,2026-01-12 07:00,2026-01-12,7,Monday,0,2,Apartment,West Hills,677,26.6,83.9%,2.26,0.57,240.7,0.00,2.26,0,0,Moderate
REC-0133,HH-114,2026-01-14 13:00,2026-01-14,13,Wednesday,0,2,Apartment,West Hills,677,40.4,74.1%,1.24,0.31,241.0,0.00,1.24,0,0,Low
REC-0134,HH-114,2026-01-14 18:00,2026-01-14,18,Wednesday,0,2,Apartment,West Hills,677,35.1,73.5%,2.54,0.64,240.6,0.00,2.54,1,0,Moderate
REC-0135,HH-114,2026-01-17 11:00,2026-01-17,11,Saturday,1,2,Apartment,West Hills,677,44.8,67.0%,1.42,0.36,240.9,0.00,1.42,0,0,Low
REC-0136,HH-114,2026-01-17 19:00,2026-01-17,19,Saturday,1,2,Apartment,West Hills,677,37.8,73.8%,2.57,0.64,240.6,0.00,2.57,1,0,Moderate
REC-0137,HH-114,2026-02-03 08:00,2026-02-03,8,Tuesday,0,2,Apartment,West Hills,677,30.0,81.2%,13.30,3.33,202.4,0.00,13.30,0,1,Critical Peak
REC-0138,HH-114,2026-02-08 14:00,2026-02-08,14,Sunday,1,2,Apartment,West Hills,677,51.8,65.0%,1.39,0.35,241.0,0.00,1.39,0,0,Low
REC-0139,HH-114,2026-02-19 20:00,2026-02-19,20,Thursday,0,2,Apartment,West Hills,677,40.9,68.9%,2.47,0.62,240.6,0.00,2.47,1,0,Moderate
REC-0140,HH-114,2026-03-05 23:00,2026-03-05,23,Thursday,0,2,Apartment,West Hills,677,45.0,66.8%,1.16,0.29,241.0,0.00,1.16,0,0,Low
REC-0141,HH-115,2026-01-12 03:00,2026-01-12,3,Monday,0,2,Townhouse,East Metro,"1,732",27.6,81.9%,1.91,0.52,241.0,0.00,1.91,0,0,Moderate
REC-0142,HH-115,2026-01-12 07:00,2026-01-12,7,Monday,0,2,Townhouse,East Metro,"1,732",31.3,80.2%,2.41,0.65,240.8,0.00,2.41,0,0,Moderate
REC-0143,HH-115,2026-01-14 13:00,2026-01-14,13,Wednesday,0,2,Townhouse,East Metro,"1,732",45.1,70.3%,1.26,0.34,241.2,3.69,-2.43,0,0,Low
REC-0144,HH-115,2026-01-14 18:00,2026-01-14,18,Wednesday,0,2,Townhouse,East Metro,"1,732",39.8,69.8%,2.86,0.77,240.7,0.00,2.86,1,0,Moderate
REC-0145,HH-115,2026-01-17 11:00,2026-01-17,11,Saturday,1,2,Townhouse,East Metro,"1,732",49.5,63.2%,1.53,0.41,241.1,2.82,-1.29,0,0,Low
REC-0146,HH-115,2026-01-17 19:00,2026-01-17,19,Saturday,1,2,Townhouse,East Metro,"1,732",39.7,72.2%,3.04,0.82,240.6,0.00,3.04,1,0,Moderate
REC-0147,HH-115,2026-02-03 08:00,2026-02-03,8,Tuesday,0,2,Townhouse,East Metro,"1,732",31.9,79.7%,2.71,0.73,240.7,0.00,2.71,0,0,Moderate
REC-0148,HH-115,2026-02-08 14:00,2026-02-08,14,Sunday,1,2,Townhouse,East Metro,"1,732",53.7,63.4%,1.73,0.47,241.0,3.98,-2.25,0,0,Moderate
REC-0149,HH-115,2026-02-19 20:00,2026-02-19,20,Thursday,0,2,Townhouse,East Metro,"1,732",45.6,65.1%,2.78,0.75,240.7,0.00,2.78,1,0,Moderate
REC-0150,HH-115,2026-03-05 23:00,2026-03-05,23,Thursday,0,2,Townhouse,East Metro,"1,732",49.7,63.0%,1.11,0.30,241.2,0.00,1.11,0,0,Low
REC-0151,HH-116,2026-01-12 03:00,2026-01-12,3,Monday,0,2,Duplex,South Valley,"1,655",31.3,79.0%,1.69,0.32,240.7,0.00,1.69,0,0,Moderate
REC-0152,HH-116,2026-01-12 07:00,2026-01-12,7,Monday,0,2,Duplex,South Valley,"1,655",35.0,77.2%,2.72,0.52,240.3,0.00,2.72,0,0,Moderate
REC-0153,HH-116,2026-01-14 13:00,2026-01-14,13,Wednesday,0,2,Duplex,South Valley,"1,655",46.0,69.6%,1.15,0.22,240.8,0.00,1.15,0,0,Low
REC-0154,HH-116,2026-01-14 18:00,2026-01-14,18,Wednesday,0,2,Duplex,South Valley,"1,655",40.7,69.0%,2.73,0.52,240.3,0.00,2.73,1,0,Moderate
REC-0155,HH-116,2026-01-17 11:00,2026-01-17,11,Saturday,1,2,Duplex,South Valley,"1,655",50.4,62.5%,1.43,0.27,240.7,0.00,1.43,0,0,Low
REC-0156,HH-116,2026-01-17 19:00,2026-01-17,19,Saturday,1,2,Duplex,South Valley,"1,655",43.4,69.3%,2.78,0.53,240.3,0.00,2.78,1,0,Moderate
REC-0157,HH-116,2026-02-03 08:00,2026-02-03,8,Tuesday,0,2,Duplex,South Valley,"1,655",35.6,76.7%,2.46,0.47,240.4,0.00,2.46,0,0,Moderate
REC-0158,HH-116,2026-02-08 14:00,2026-02-08,14,Sunday,1,2,Duplex,South Valley,"1,655",57.4,60.5%,1.65,0.31,240.7,0.00,1.65,0,0,Moderate
REC-0159,HH-116,2026-02-19 20:00,2026-02-19,20,Thursday,0,2,Duplex,South Valley,"1,655",49.3,62.2%,2.52,0.48,240.4,0.00,2.52,1,0,Moderate
REC-0160,HH-116,2026-03-05 23:00,2026-03-05,23,Thursday,0,2,Duplex,South Valley,"1,655",50.6,62.3%,1.03,0.20,240.9,0.00,1.03,0,0,Low
REC-0161,HH-117,2026-01-12 03:00,2026-01-12,3,Monday,0,4,Single Family,North District,"2,992",21.2,87.0%,2.53,0.53,240.6,0.00,2.53,0,0,Moderate
REC-0162,HH-117,2026-01-12 07:00,2026-01-12,7,Monday,0,4,Single Family,North District,"2,992",24.9,85.3%,4.35,0.91,240.0,0.00,4.35,0,0,High
REC-0163,HH-117,2026-01-14 13:00,2026-01-14,13,Wednesday,0,4,Single Family,North District,"2,992",38.7,75.4%,2.81,0.59,240.5,3.69,-0.88,0,0,Moderate
REC-0164,HH-117,2026-01-14 18:00,2026-01-14,18,Wednesday,0,4,Single Family,North District,"2,992",33.4,74.9%,4.73,0.99,239.9,0.00,4.73,1,0,High
REC-0165,HH-117,2026-01-17 11:00,2026-01-17,11,Saturday,1,4,Single Family,North District,"2,992",43.1,68.3%,2.77,0.58,240.5,2.82,-0.05,0,0,Moderate
REC-0166,HH-117,2026-01-17 19:00,2026-01-17,19,Saturday,1,4,Single Family,North District,"2,992",36.1,75.1%,4.83,1.01,239.9,0.00,4.83,1,0,High
REC-0167,HH-117,2026-02-03 08:00,2026-02-03,8,Tuesday,0,4,Single Family,North District,"2,992",25.5,84.8%,4.15,0.87,240.1,0.00,4.15,0,0,High
REC-0168,HH-117,2026-02-08 14:00,2026-02-08,14,Sunday,1,4,Single Family,North District,"2,992",47.3,68.6%,0.08,0.02,268.1,3.98,-3.90,0,1,Critical Peak
REC-0169,HH-117,2026-02-19 20:00,2026-02-19,20,Thursday,0,4,Single Family,North District,"2,992",39.2,70.2%,4.60,0.97,239.9,0.00,4.60,1,0,High
REC-0170,HH-117,2026-03-05 23:00,2026-03-05,23,Thursday,0,4,Single Family,North District,"2,992",43.3,68.2%,1.92,0.40,240.8,0.00,1.92,0,0,Moderate
REC-0171,HH-118,2026-01-12 03:00,2026-01-12,3,Monday,0,2,Apartment,West Hills,993,24.9,84.1%,1.78,0.41,241.0,0.00,1.78,0,0,Moderate
REC-0172,HH-118,2026-01-12 07:00,2026-01-12,7,Monday,0,2,Apartment,West Hills,993,28.6,82.3%,2.64,0.61,240.8,0.00,2.64,0,0,Moderate
REC-0173,HH-118,2026-01-14 13:00,2026-01-14,13,Wednesday,0,2,Apartment,West Hills,993,42.4,72.5%,1.58,0.36,241.1,0.00,1.58,0,0,Low
REC-0174,HH-118,2026-01-14 18:00,2026-01-14,18,Wednesday,0,2,Apartment,West Hills,993,34.3,74.2%,3.10,0.71,240.6,0.00,3.10,1,0,Moderate
REC-0175,HH-118,2026-01-17 11:00,2026-01-17,11,Saturday,1,2,Apartment,West Hills,993,44.0,67.6%,1.37,0.32,241.2,0.00,1.37,0,0,Low
REC-0176,HH-118,2026-01-17 19:00,2026-01-17,19,Saturday,1,2,Apartment,West Hills,993,37.0,74.4%,2.59,0.60,240.8,0.00,2.59,1,0,Moderate
REC-0177,HH-118,2026-02-03 08:00,2026-02-03,8,Tuesday,0,2,Apartment,West Hills,993,29.2,81.8%,2.38,0.55,240.8,0.00,2.38,0,0,Moderate
REC-0178,HH-118,2026-02-08 14:00,2026-02-08,14,Sunday,1,2,Apartment,West Hills,993,51.0,65.6%,1.31,0.30,241.2,0.00,1.31,0,0,Low
REC-0179,HH-118,2026-02-19 20:00,2026-02-19,20,Thursday,0,2,Apartment,West Hills,993,42.9,67.3%,2.35,0.54,240.8,0.00,2.35,1,0,Moderate
REC-0180,HH-118,2026-03-05 23:00,2026-03-05,23,Thursday,0,2,Apartment,West Hills,993,47.0,65.2%,0.93,0.21,241.3,0.00,0.93,0,0,Low
REC-0181,HH-119,2026-01-12 03:00,2026-01-12,3,Monday,0,2,Townhouse,East Metro,"1,584",26.8,82.6%,1.73,0.43,240.6,0.00,1.73,0,0,Moderate
REC-0182,HH-119,2026-01-12 07:00,2026-01-12,7,Monday,0,2,Townhouse,East Metro,"1,584",30.5,80.8%,2.74,0.69,240.3,0.00,2.74,0,0,Moderate
REC-0183,HH-119,2026-01-14 13:00,2026-01-14,13,Wednesday,0,2,Townhouse,East Metro,"1,584",44.3,71.0%,1.61,0.40,240.7,3.69,-2.08,0,0,Moderate
REC-0184,HH-119,2026-01-14 18:00,2026-01-14,18,Wednesday,0,2,Townhouse,East Metro,"1,584",39.0,70.4%,3.17,0.79,240.2,0.00,3.17,1,0,Moderate
REC-0185,HH-119,2026-01-17 11:00,2026-01-17,11,Saturday,1,2,Townhouse,East Metro,"1,584",48.7,63.8%,1.86,0.47,240.6,2.82,-0.96,0,0,Moderate
REC-0186,HH-119,2026-01-17 19:00,2026-01-17,19,Saturday,1,2,Townhouse,East Metro,"1,584",41.7,70.6%,2.66,0.67,240.3,0.00,2.66,1,0,Moderate
REC-0187,HH-119,2026-02-03 08:00,2026-02-03,8,Tuesday,0,2,Townhouse,East Metro,"1,584",33.9,78.1%,2.36,0.59,240.4,0.00,2.36,0,0,Moderate
REC-0188,HH-119,2026-02-08 14:00,2026-02-08,14,Sunday,1,2,Townhouse,East Metro,"1,584",52.9,64.1%,1.47,0.37,240.7,3.98,-2.51,0,0,Low
REC-0189,HH-119,2026-02-19 20:00,2026-02-19,20,Thursday,0,2,Townhouse,East Metro,"1,584",44.8,65.8%,2.53,0.63,240.4,0.00,2.53,1,0,Moderate
REC-0190,HH-119,2026-03-05 23:00,2026-03-05,23,Thursday,0,2,Townhouse,East Metro,"1,584",48.9,63.7%,0.92,0.23,240.9,0.00,0.92,0,0,Low
REC-0191,HH-120,2026-01-12 03:00,2026-01-12,3,Monday,0,3,Duplex,South Valley,"2,043",30.5,79.6%,1.70,0.46,240.9,0.00,1.70,0,0,Moderate
REC-0192,HH-120,2026-01-12 07:00,2026-01-12,7,Monday,0,3,Duplex,South Valley,"2,043",34.2,77.8%,3.06,0.83,240.4,0.00,3.06,0,0,Moderate
REC-0193,HH-120,2026-01-14 13:00,2026-01-14,13,Wednesday,0,3,Duplex,South Valley,"2,043",48.0,68.0%,1.75,0.47,240.8,0.00,1.75,0,0,Moderate
REC-0194,HH-120,2026-01-14 18:00,2026-01-14,18,Wednesday,0,3,Duplex,South Valley,"2,043",42.7,67.4%,3.69,1.00,240.2,0.00,3.69,1,0,High
REC-0195,HH-120,2026-01-17 11:00,2026-01-17,11,Saturday,1,3,Duplex,South Valley,"2,043",49.6,63.1%,2.24,0.60,240.7,0.00,2.24,0,0,Moderate
REC-0196,HH-120,2026-01-17 19:00,2026-01-17,19,Saturday,1,3,Duplex,South Valley,"2,043",42.6,69.9%,3.89,1.05,240.2,0.00,3.89,1,0,High
REC-0197,HH-120,2026-02-03 08:00,2026-02-03,8,Tuesday,0,3,Duplex,South Valley,"2,043",34.8,77.4%,2.82,0.76,240.5,0.00,2.82,0,0,Moderate
REC-0198,HH-120,2026-02-08 14:00,2026-02-08,14,Sunday,1,3,Duplex,South Valley,"2,043",56.6,61.1%,1.91,0.52,240.8,0.00,1.91,0,0,Moderate
REC-0199,HH-120,2026-02-19 20:00,2026-02-19,20,Thursday,0,3,Duplex,South Valley,"2,043",48.5,62.8%,13.50,3.65,202.4,0.00,13.50,1,1,Critical Peak
REC-0200,HH-120,2026-03-05 23:00,2026-03-05,23,Thursday,0,3,Duplex,South Valley,"2,043",52.6,60.7%,1.09,0.29,241.1,0.00,1.09,0,0,Low
REC-0201,HH-121,2026-01-12 03:00,2026-01-12,3,Monday,0,5,Single Family,North District,"3,540",23.2,85.4%,2.45,0.47,240.8,0.00,2.45,0,0,Moderate
REC-0202,HH-121,2026-01-12 07:00,2026-01-12,7,Monday,0,5,Single Family,North District,"3,540",24.1,85.9%,4.75,0.90,240.1,0.00,4.75,0,0,High
REC-0203,HH-121,2026-01-14 13:00,2026-01-14,13,Wednesday,0,5,Single Family,North District,"3,540",37.9,76.1%,3.03,0.58,240.6,3.69,-0.66,0,0,Moderate
REC-0204,HH-121,2026-01-14 18:00,2026-01-14,18,Wednesday,0,5,Single Family,North District,"3,540",32.6,75.5%,5.91,1.12,239.7,0.00,5.91,1,0,Critical Peak
REC-0205,HH-121,2026-01-17 11:00,2026-01-17,11,Saturday,1,5,Single Family,North District,"3,540",42.3,69.0%,3.65,0.69,240.4,2.82,0.83,0,0,High
REC-0206,HH-121,2026-01-17 19:00,2026-01-17,19,Saturday,1,5,Single Family,North District,"3,540",35.3,75.8%,0.08,0.02,268.1,0.00,0.08,1,1,Critical Peak
REC-0207,HH-121,2026-02-03 08:00,2026-02-03,8,Tuesday,0,5,Single Family,North District,"3,540",27.5,83.2%,4.99,0.95,240.0,0.00,4.99,0,0,High
REC-0208,HH-121,2026-02-08 14:00,2026-02-08,14,Sunday,1,5,Single Family,North District,"3,540",49.3,67.0%,3.08,0.59,240.6,3.98,-0.90,0,0,Moderate
REC-0209,HH-121,2026-02-19 20:00,2026-02-19,20,Thursday,0,5,Single Family,North District,"3,540",38.4,70.9%,5.20,0.99,239.9,0.00,5.20,1,0,Critical Peak
REC-0210,HH-121,2026-03-05 23:00,2026-03-05,23,Thursday,0,5,Single Family,North District,"3,540",42.5,68.8%,2.05,0.39,240.9,0.00,2.05,0,0,Moderate
REC-0211,HH-122,2026-01-12 03:00,2026-01-12,3,Monday,0,2,Apartment,West Hills,809,24.1,84.7%,1.59,0.33,240.7,0.00,1.59,0,0,Low
REC-0212,HH-122,2026-01-12 07:00,2026-01-12,7,Monday,0,2,Apartment,West Hills,809,27.8,83.0%,2.41,0.51,240.4,0.00,2.41,0,0,Moderate
REC-0213,HH-122,2026-01-14 13:00,2026-01-14,13,Wednesday,0,2,Apartment,West Hills,809,41.6,73.1%,1.37,0.29,240.8,0.00,1.37,0,0,Low
REC-0214,HH-122,2026-01-14 18:00,2026-01-14,18,Wednesday,0,2,Apartment,West Hills,809,36.3,72.6%,2.71,0.57,240.3,0.00,2.71,1,0,Moderate
REC-0215,HH-122,2026-01-17 11:00,2026-01-17,11,Saturday,1,2,Apartment,West Hills,809,46.0,66.0%,1.56,0.33,240.7,0.00,1.56,0,0,Low
REC-0216,HH-122,2026-01-17 19:00,2026-01-17,19,Saturday,1,2,Apartment,West Hills,809,36.2,75.0%,2.87,0.60,240.3,0.00,2.87,1,0,Moderate
REC-0217,HH-122,2026-02-03 08:00,2026-02-03,8,Tuesday,0,2,Apartment,West Hills,809,28.4,82.5%,2.69,0.56,240.3,0.00,2.69,0,0,Moderate
REC-0218,HH-122,2026-02-08 14:00,2026-02-08,14,Sunday,1,2,Apartment,West Hills,809,50.2,66.2%,1.59,0.33,240.7,0.00,1.59,0,0,Low
REC-0219,HH-122,2026-02-19 20:00,2026-02-19,20,Thursday,0,2,Apartment,West Hills,809,42.1,67.9%,2.09,0.44,240.5,0.00,2.09,1,0,Moderate
REC-0220,HH-122,2026-03-05 23:00,2026-03-05,23,Thursday,0,2,Apartment,West Hills,809,46.2,65.8%,0.73,0.15,241.0,0.00,0.73,0,0,Low
REC-0221,HH-123,2026-01-12 03:00,2026-01-12,3,Monday,0,2,Townhouse,East Metro,"1,436",28.8,81.0%,1.42,0.33,240.9,0.00,1.42,0,0,Low
REC-0222,HH-123,2026-01-12 07:00,2026-01-12,7,Monday,0,2,Townhouse,East Metro,"1,436",32.5,79.2%,2.39,0.55,240.6,0.00,2.39,0,0,Moderate
REC-0223,HH-123,2026-01-14 13:00,2026-01-14,13,Wednesday,0,2,Townhouse,East Metro,"1,436",43.5,71.6%,1.40,0.32,241.0,3.69,-2.29,0,0,Low
REC-0224,HH-123,2026-01-14 18:00,2026-01-14,18,Wednesday,0,2,Townhouse,East Metro,"1,436",38.2,71.0%,2.92,0.67,240.5,0.00,2.92,1,0,Moderate
REC-0225,HH-123,2026-01-17 11:00,2026-01-17,11,Saturday,1,2,Townhouse,East Metro,"1,436",47.9,64.5%,1.65,0.38,240.9,2.82,-1.17,0,0,Moderate
REC-0226,HH-123,2026-01-17 19:00,2026-01-17,19,Saturday,1,2,Townhouse,East Metro,"1,436",40.9,71.3%,2.97,0.68,240.4,0.00,2.97,1,0,Moderate
REC-0227,HH-123,2026-02-03 08:00,2026-02-03,8,Tuesday,0,2,Townhouse,East Metro,"1,436",33.1,78.7%,2.68,0.62,240.5,0.00,2.68,0,0,Moderate
REC-0228,HH-123,2026-02-08 14:00,2026-02-08,14,Sunday,1,2,Townhouse,East Metro,"1,436",54.9,62.5%,1.77,0.41,240.8,3.98,-2.21,0,0,Moderate
REC-0229,HH-123,2026-02-19 20:00,2026-02-19,20,Thursday,0,2,Townhouse,East Metro,"1,436",46.8,64.2%,2.71,0.62,240.5,0.00,2.71,1,0,Moderate
REC-0230,HH-123,2026-03-05 23:00,2026-03-05,23,Thursday,0,2,Townhouse,East Metro,"1,436",48.1,64.3%,0.72,0.17,241.2,0.00,0.72,0,0,Low
REC-0231,HH-124,2026-01-12 03:00,2026-01-12,3,Monday,0,4,Duplex,South Valley,"1,781",29.7,80.2%,1.63,0.41,241.1,0.00,1.63,0,0,Moderate
REC-0232,HH-124,2026-01-12 07:00,2026-01-12,7,Monday,0,4,Duplex,South Valley,"1,781",33.4,78.5%,3.14,0.79,240.6,0.00,3.14,0,0,Moderate
REC-0233,HH-124,2026-01-14 13:00,2026-01-14,13,Wednesday,0,4,Duplex,South Valley,"1,781",47.2,68.6%,1.75,0.44,241.0,0.00,1.75,0,0,Moderate
REC-0234,HH-124,2026-01-14 18:00,2026-01-14,18,Wednesday,0,4,Duplex,South Valley,"1,781",41.9,68.1%,3.87,0.97,240.4,0.00,3.87,1,0,High
REC-0235,HH-124,2026-01-17 11:00,2026-01-17,11,Saturday,1,4,Duplex,South Valley,"1,781",51.6,61.5%,2.24,0.56,240.9,0.00,2.24,0,0,Moderate
REC-0236,HH-124,2026-01-17 19:00,2026-01-17,19,Saturday,1,4,Duplex,South Valley,"1,781",44.6,68.3%,3.95,0.99,240.3,0.00,3.95,1,0,High
REC-0237,HH-124,2026-02-03 08:00,2026-02-03,8,Tuesday,0,4,Duplex,South Valley,"1,781",34.0,78.0%,14.30,3.58,202.4,0.00,14.30,0,1,Critical Peak
REC-0238,HH-124,2026-02-08 14:00,2026-02-08,14,Sunday,1,4,Duplex,South Valley,"1,781",55.8,61.8%,2.49,0.62,240.8,0.00,2.49,0,0,Moderate
REC-0239,HH-124,2026-02-19 20:00,2026-02-19,20,Thursday,0,4,Duplex,South Valley,"1,781",47.7,63.4%,3.76,0.94,240.4,0.00,3.76,1,0,High
REC-0240,HH-124,2026-03-05 23:00,2026-03-05,23,Thursday,0,4,Duplex,South Valley,"1,781",51.8,61.4%,1.57,0.39,241.1,0.00,1.57,0,0,Low
REC-0241,HH-125,2026-01-12 03:00,2026-01-12,3,Monday,0,3,Single Family,North District,"2,688",22.4,86.1%,1.91,0.52,240.6,0.00,1.91,0,0,Moderate
REC-0242,HH-125,2026-01-12 07:00,2026-01-12,7,Monday,0,3,Single Family,North District,"2,688",26.1,84.3%,3.43,0.93,240.1,0.00,3.43,0,0,High
REC-0243,HH-125,2026-01-14 13:00,2026-01-14,13,Wednesday,0,3,Single Family,North District,"2,688",39.9,74.5%,2.04,0.55,240.5,3.69,-1.65,0,0,Moderate
REC-0244,HH-125,2026-01-14 18:00,2026-01-14,18,Wednesday,0,3,Single Family,North District,"2,688",31.8,76.2%,4.29,1.16,239.8,0.00,4.29,1,0,High
REC-0245,HH-125,2026-01-17 11:00,2026-01-17,11,Saturday,1,3,Single Family,North District,"2,688",41.5,69.6%,2.58,0.70,240.4,2.82,-0.24,0,0,Moderate
REC-0246,HH-125,2026-01-17 19:00,2026-01-17,19,Saturday,1,3,Single Family,North District,"2,688",34.5,76.4%,4.37,1.18,239.8,0.00,4.37,1,0,High
REC-0247,HH-125,2026-02-03 08:00,2026-02-03,8,Tuesday,0,3,Single Family,North District,"2,688",26.7,83.8%,3.75,1.01,240.0,0.00,3.75,0,0,High
REC-0248,HH-125,2026-02-08 14:00,2026-02-08,14,Sunday,1,3,Single Family,North District,"2,688",48.5,67.6%,2.51,0.68,240.4,3.98,-1.47,0,0,Moderate
REC-0249,HH-125,2026-02-19 20:00,2026-02-19,20,Thursday,0,3,Single Family,North District,"2,688",40.4,69.3%,4.05,1.09,239.9,0.00,4.05,1,0,High
REC-0250,HH-125,2026-03-05 23:00,2026-03-05,23,Thursday,0,3,Single Family,North District,"2,688",44.5,67.2%,1.77,0.48,240.6,0.00,1.77,0,0,Moderate
REC-0251,HH-126,2026-01-12 03:00,2026-01-12,3,Monday,0,2,Apartment,West Hills,"1,125",23.3,85.4%,2.02,0.38,240.8,0.00,2.02,0,0,Moderate
REC-0252,HH-126,2026-01-12 07:00,2026-01-12,7,Monday,0,2,Apartment,West Hills,"1,125",27.0,83.6%,2.37,0.45,240.6,0.00,2.37,0,0,Moderate
REC-0253,HH-126,2026-01-14 13:00,2026-01-14,13,Wednesday,0,2,Apartment,West Hills,"1,125",40.8,73.8%,1.29,0.25,241.0,0.00,1.29,0,0,Low
REC-0254,HH-126,2026-01-14 18:00,2026-01-14,18,Wednesday,0,2,Apartment,West Hills,"1,125",35.5,73.2%,2.72,0.52,240.5,0.00,2.72,1,0,Moderate
REC-0255,HH-126,2026-01-17 11:00,2026-01-17,11,Saturday,1,2,Apartment,West Hills,"1,125",45.2,66.6%,1.51,0.29,240.9,0.00,1.51,0,0,Low
REC-0256,HH-126,2026-01-17 19:00,2026-01-17,19,Saturday,1,2,Apartment,West Hills,"1,125",38.2,73.4%,2.76,0.52,240.5,0.00,2.76,1,0,Moderate
REC-0257,HH-126,2026-02-03 08:00,2026-02-03,8,Tuesday,0,2,Apartment,West Hills,"1,125",30.4,80.9%,2.53,0.48,240.6,0.00,2.53,0,0,Moderate
REC-0258,HH-126,2026-02-08 14:00,2026-02-08,14,Sunday,1,2,Apartment,West Hills,"1,125",49.4,66.9%,1.53,0.29,240.9,0.00,1.53,0,0,Low
REC-0259,HH-126,2026-02-19 20:00,2026-02-19,20,Thursday,0,2,Apartment,West Hills,"1,125",41.3,68.6%,2.64,0.50,240.6,0.00,2.64,1,0,Moderate
REC-0260,HH-126,2026-03-05 23:00,2026-03-05,23,Thursday,0,2,Apartment,West Hills,"1,125",45.4,66.5%,1.18,0.22,241.0,0.00,1.18,0,0,Low
REC-0261,HH-127,2026-01-12 03:00,2026-01-12,3,Monday,0,2,Townhouse,East Metro,"1,888",28.0,81.6%,1.87,0.39,241.0,0.00,1.87,0,0,Moderate
REC-0262,HH-127,2026-01-12 07:00,2026-01-12,7,Monday,0,2,Townhouse,East Metro,"1,888",31.7,79.8%,2.96,0.62,240.7,0.00,2.96,0,0,Moderate
REC-0263,HH-127,2026-01-14 13:00,2026-01-14,13,Wednesday,0,2,Townhouse,East Metro,"1,888",45.5,70.0%,1.23,0.26,241.2,3.69,-2.46,0,0,Low
REC-0264,HH-127,2026-01-14 18:00,2026-01-14,18,Wednesday,0,2,Townhouse,East Metro,"1,888",40.2,69.4%,2.88,0.60,240.7,0.00,2.88,1,0,Moderate
REC-0265,HH-127,2026-01-17 11:00,2026-01-17,11,Saturday,1,2,Townhouse,East Metro,"1,888",47.1,65.1%,1.64,0.34,241.1,2.82,-1.18,0,0,Moderate
REC-0266,HH-127,2026-01-17 19:00,2026-01-17,19,Saturday,1,2,Townhouse,East Metro,"1,888",40.1,71.9%,3.06,0.64,240.6,0.00,3.06,1,0,Moderate
REC-0267,HH-127,2026-02-03 08:00,2026-02-03,8,Tuesday,0,2,Townhouse,East Metro,"1,888",32.3,79.4%,2.71,0.57,240.7,0.00,2.71,0,0,Moderate
REC-0268,HH-127,2026-02-08 14:00,2026-02-08,14,Sunday,1,2,Townhouse,East Metro,"1,888",54.1,63.1%,0.08,0.02,268.1,3.98,-3.90,0,1,Critical Peak
REC-0269,HH-127,2026-02-19 20:00,2026-02-19,20,Thursday,0,2,Townhouse,East Metro,"1,888",46.0,64.8%,2.79,0.59,240.7,0.00,2.79,1,0,Moderate
REC-0270,HH-127,2026-03-05 23:00,2026-03-05,23,Thursday,0,2,Townhouse,East Metro,"1,888",50.1,62.7%,1.08,0.23,241.3,0.00,1.08,0,0,Low
REC-0271,HH-128,2026-01-12 03:00,2026-01-12,3,Monday,0,2,Duplex,South Valley,"1,519",31.7,78.6%,1.60,0.37,240.7,0.00,1.60,0,0,Moderate
REC-0272,HH-128,2026-01-12 07:00,2026-01-12,7,Monday,0,2,Duplex,South Valley,"1,519",32.6,79.1%,2.72,0.63,240.3,0.00,2.72,0,0,Moderate
REC-0273,HH-128,2026-01-14 13:00,2026-01-14,13,Wednesday,0,2,Duplex,South Valley,"1,519",46.4,69.3%,1.59,0.37,240.7,0.00,1.59,0,0,Low
REC-0274,HH-128,2026-01-14 18:00,2026-01-14,18,Wednesday,0,2,Duplex,South Valley,"1,519",41.1,68.7%,2.58,0.59,240.4,0.00,2.58,1,0,Moderate
REC-0275,HH-128,2026-01-17 11:00,2026-01-17,11,Saturday,1,2,Duplex,South Valley,"1,519",50.8,62.2%,1.33,0.31,240.8,0.00,1.33,0,0,Low
REC-0276,HH-128,2026-01-17 19:00,2026-01-17,19,Saturday,1,2,Duplex,South Valley,"1,519",43.8,69.0%,2.63,0.60,240.4,0.00,2.63,1,0,Moderate
REC-0277,HH-128,2026-02-03 08:00,2026-02-03,8,Tuesday,0,2,Duplex,South Valley,"1,519",36.0,76.4%,2.34,0.54,240.5,0.00,2.34,0,0,Moderate
REC-0278,HH-128,2026-02-08 14:00,2026-02-08,14,Sunday,1,2,Duplex,South Valley,"1,519",57.8,60.2%,1.55,0.36,240.7,0.00,1.55,0,0,Low
REC-0279,HH-128,2026-02-19 20:00,2026-02-19,20,Thursday,0,2,Duplex,South Valley,"1,519",46.9,64.1%,2.50,0.58,240.4,0.00,2.50,1,0,Moderate
REC-0280,HH-128,2026-03-05 23:00,2026-03-05,23,Thursday,0,2,Duplex,South Valley,"1,519",51.0,62.0%,0.95,0.22,240.9,0.00,0.95,0,0,Low
REC-0281,HH-129,2026-01-12 03:00,2026-01-12,3,Monday,0,4,Single Family,North District,"3,236",21.6,86.7%,2.50,0.63,240.6,0.00,2.50,0,0,Moderate
REC-0282,HH-129,2026-01-12 07:00,2026-01-12,7,Monday,0,4,Single Family,North District,"3,236",25.3,85.0%,4.38,1.10,240.0,0.00,4.38,0,0,High
REC-0283,HH-129,2026-01-14 13:00,2026-01-14,13,Wednesday,0,4,Single Family,North District,"3,236",39.1,75.1%,2.81,0.70,240.5,3.69,-0.88,0,0,Moderate
REC-0284,HH-129,2026-01-14 18:00,2026-01-14,18,Wednesday,0,4,Single Family,North District,"3,236",33.8,74.6%,5.34,1.34,239.7,0.00,5.34,1,0,Critical Peak
REC-0285,HH-129,2026-01-17 11:00,2026-01-17,11,Saturday,1,4,Single Family,North District,"3,236",43.5,68.0%,2.79,0.70,240.5,2.82,-0.03,0,0,Moderate
REC-0286,HH-129,2026-01-17 19:00,2026-01-17,19,Saturday,1,4,Single Family,North District,"3,236",33.7,77.0%,5.02,1.26,239.8,0.00,5.02,1,0,High
REC-0287,HH-129,2026-02-03 08:00,2026-02-03,8,Tuesday,0,4,Single Family,North District,"3,236",25.9,84.5%,4.18,1.05,240.1,0.00,4.18,0,0,High
REC-0288,HH-129,2026-02-08 14:00,2026-02-08,14,Sunday,1,4,Single Family,North District,"3,236",47.7,68.2%,2.87,0.72,240.5,3.98,-1.11,0,0,Moderate
REC-0289,HH-129,2026-02-19 20:00,2026-02-19,20,Thursday,0,4,Single Family,North District,"3,236",39.6,69.9%,4.66,1.17,239.9,0.00,4.66,1,0,High
REC-0290,HH-129,2026-03-05 23:00,2026-03-05,23,Thursday,0,4,Single Family,North District,"3,236",43.7,67.8%,1.91,0.48,240.8,0.00,1.91,0,0,Moderate
REC-0291,HH-130,2026-01-12 03:00,2026-01-12,3,Monday,0,2,Apartment,West Hills,941,25.3,83.8%,1.71,0.46,241.1,0.00,1.71,0,0,Moderate
REC-0292,HH-130,2026-01-12 07:00,2026-01-12,7,Monday,0,2,Apartment,West Hills,941,29.0,82.0%,2.55,0.69,240.8,0.00,2.55,0,0,Moderate
REC-0293,HH-130,2026-01-14 13:00,2026-01-14,13,Wednesday,0,2,Apartment,West Hills,941,40.0,74.4%,1.63,0.44,241.1,0.00,1.63,0,0,Moderate
REC-0294,HH-130,2026-01-14 18:00,2026-01-14,18,Wednesday,0,2,Apartment,West Hills,941,34.7,73.8%,3.00,0.81,240.6,0.00,3.00,1,0,Moderate
REC-0295,HH-130,2026-01-17 11:00,2026-01-17,11,Saturday,1,2,Apartment,West Hills,941,44.4,67.3%,1.83,0.49,241.0,0.00,1.83,0,0,Moderate
REC-0296,HH-130,2026-01-17 19:00,2026-01-17,19,Saturday,1,2,Apartment,West Hills,941,37.4,74.1%,2.49,0.67,240.8,0.00,2.49,1,0,Moderate
REC-0297,HH-130,2026-02-03 08:00,2026-02-03,8,Tuesday,0,2,Apartment,West Hills,941,29.6,81.5%,2.29,0.62,240.9,0.00,2.29,0,0,Moderate
REC-0298,HH-130,2026-02-08 14:00,2026-02-08,14,Sunday,1,2,Apartment,West Hills,941,51.4,65.3%,1.24,0.33,241.2,0.00,1.24,0,0,Low
REC-0299,HH-130,2026-02-19 20:00,2026-02-19,20,Thursday,0,2,Apartment,West Hills,941,43.3,67.0%,11.50,3.11,202.4,0.00,11.50,1,1,Critical Peak
REC-0300,HH-130,2026-03-05 23:00,2026-03-05,23,Thursday,0,2,Apartment,West Hills,941,44.6,67.1%,0.98,0.26,241.3,0.00,0.98,0,0,Low
REC-0301,HH-131,2026-01-12 03:00,2026-01-12,3,Monday,0,2,Townhouse,East Metro,"1,740",27.2,82.2%,1.68,0.32,240.7,0.00,1.68,0,0,Moderate
REC-0302,HH-131,2026-01-12 07:00,2026-01-12,7,Monday,0,2,Townhouse,East Metro,"1,740",30.9,80.5%,2.74,0.52,240.3,0.00,2.74,0,0,Moderate
REC-0303,HH-131,2026-01-14 13:00,2026-01-14,13,Wednesday,0,2,Townhouse,East Metro,"1,740",44.7,70.6%,1.58,0.30,240.7,3.69,-2.11,0,0,Low
REC-0304,HH-131,2026-01-14 18:00,2026-01-14,18,Wednesday,0,2,Townhouse,East Metro,"1,740",39.4,70.1%,3.18,0.60,240.2,0.00,3.18,1,0,Moderate
REC-0305,HH-131,2026-01-17 11:00,2026-01-17,11,Saturday,1,2,Townhouse,East Metro,"1,740",49.1,63.5%,1.85,0.35,240.6,2.82,-0.97,0,0,Moderate
REC-0306,HH-131,2026-01-17 19:00,2026-01-17,19,Saturday,1,2,Townhouse,East Metro,"1,740",42.1,70.3%,0.08,0.02,268.1,0.00,0.08,1,1,Critical Peak
REC-0307,HH-131,2026-02-03 08:00,2026-02-03,8,Tuesday,0,2,Townhouse,East Metro,"1,740",31.5,80.0%,2.48,0.47,240.4,0.00,2.48,0,0,Moderate
REC-0308,HH-131,2026-02-08 14:00,2026-02-08,14,Sunday,1,2,Townhouse,East Metro,"1,740",53.3,63.8%,1.48,0.28,240.7,3.98,-2.50,0,0,Low
REC-0309,HH-131,2026-02-19 20:00,2026-02-19,20,Thursday,0,2,Townhouse,East Metro,"1,740",45.2,65.4%,2.55,0.48,240.4,0.00,2.55,1,0,Moderate
REC-0310,HH-131,2026-03-05 23:00,2026-03-05,23,Thursday,0,2,Townhouse,East Metro,"1,740",49.3,63.4%,0.88,0.17,240.9,0.00,0.88,0,0,Low
REC-0311,HH-132,2026-01-12 03:00,2026-01-12,3,Monday,0,3,Duplex,South Valley,"1,907",30.9,79.3%,1.62,0.34,240.9,0.00,1.62,0,0,Moderate
REC-0312,HH-132,2026-01-12 07:00,2026-01-12,7,Monday,0,3,Duplex,South Valley,"1,907",34.6,77.5%,2.94,0.62,240.5,0.00,2.94,0,0,Moderate
REC-0313,HH-132,2026-01-14 13:00,2026-01-14,13,Wednesday,0,3,Duplex,South Valley,"1,907",48.4,67.7%,1.65,0.35,240.9,0.00,1.65,0,0,Moderate
REC-0314,HH-132,2026-01-14 18:00,2026-01-14,18,Wednesday,0,3,Duplex,South Valley,"1,907",40.3,69.4%,3.68,0.77,240.2,0.00,3.68,1,0,High
REC-0315,HH-132,2026-01-17 11:00,2026-01-17,11,Saturday,1,3,Duplex,South Valley,"1,907",50.0,62.8%,2.12,0.45,240.7,0.00,2.12,0,0,Moderate
REC-0316,HH-132,2026-01-17 19:00,2026-01-17,19,Saturday,1,3,Duplex,South Valley,"1,907",43.0,69.6%,3.74,0.79,240.2,0.00,3.74,1,0,High
REC-0317,HH-132,2026-02-03 08:00,2026-02-03,8,Tuesday,0,3,Duplex,South Valley,"1,907",35.2,77.0%,3.25,0.68,240.4,0.00,3.25,0,0,High
REC-0318,HH-132,2026-02-08 14:00,2026-02-08,14,Sunday,1,3,Duplex,South Valley,"1,907",57.0,60.8%,1.81,0.38,240.8,0.00,1.81,0,0,Moderate
REC-0319,HH-132,2026-02-19 20:00,2026-02-19,20,Thursday,0,3,Duplex,South Valley,"1,907",48.9,62.5%,2.90,0.61,240.5,0.00,2.90,1,0,Moderate
REC-0320,HH-132,2026-03-05 23:00,2026-03-05,23,Thursday,0,3,Duplex,South Valley,"1,907",53.0,60.4%,1.02,0.21,241.1,0.00,1.02,0,0,Low
REC-0321,HH-133,2026-01-12 03:00,2026-01-12,3,Monday,0,5,Single Family,North District,"2,384",20.8,87.4%,2.34,0.54,240.9,0.00,2.34,0,0,Moderate
REC-0322,HH-133,2026-01-12 07:00,2026-01-12,7,Monday,0,5,Single Family,North District,"2,384",24.5,85.6%,4.23,0.97,240.2,0.00,4.23,0,0,High
REC-0323,HH-133,2026-01-14 13:00,2026-01-14,13,Wednesday,0,5,Single Family,North District,"2,384",38.3,75.8%,2.66,0.61,240.7,3.69,-1.03,0,0,Moderate
REC-0324,HH-133,2026-01-14 18:00,2026-01-14,18,Wednesday,0,5,Single Family,North District,"2,384",33.0,75.2%,5.20,1.20,239.9,0.00,5.20,1,0,Critical Peak
REC-0325,HH-133,2026-01-17 11:00,2026-01-17,11,Saturday,1,5,Single Family,North District,"2,384",42.7,68.6%,3.18,0.73,240.6,2.82,0.36,0,0,Moderate
REC-0326,HH-133,2026-01-17 19:00,2026-01-17,19,Saturday,1,5,Single Family,North District,"2,384",35.7,75.4%,5.30,1.22,239.9,0.00,5.30,1,0,Critical Peak
REC-0327,HH-133,2026-02-03 08:00,2026-02-03,8,Tuesday,0,5,Single Family,North District,"2,384",27.9,82.9%,4.45,1.02,240.2,0.00,4.45,0,0,High
REC-0328,HH-133,2026-02-08 14:00,2026-02-08,14,Sunday,1,5,Single Family,North District,"2,384",46.9,68.9%,3.27,0.75,240.6,3.98,-0.71,0,0,High
REC-0329,HH-133,2026-02-19 20:00,2026-02-19,20,Thursday,0,5,Single Family,North District,"2,384",38.8,70.6%,4.51,1.04,240.2,0.00,4.51,1,0,High
REC-0330,HH-133,2026-03-05 23:00,2026-03-05,23,Thursday,0,5,Single Family,North District,"2,384",42.9,68.5%,1.75,0.40,241.0,0.00,1.75,0,0,Moderate
REC-0331,HH-134,2026-01-12 03:00,2026-01-12,3,Monday,0,2,Apartment,West Hills,757,24.5,84.4%,1.51,0.38,240.7,0.00,1.51,0,0,Low
REC-0332,HH-134,2026-01-12 07:00,2026-01-12,7,Monday,0,2,Apartment,West Hills,757,28.2,82.6%,2.32,0.58,240.5,0.00,2.32,0,0,Moderate
REC-0333,HH-134,2026-01-14 13:00,2026-01-14,13,Wednesday,0,2,Apartment,West Hills,757,42.0,72.8%,1.29,0.32,240.8,0.00,1.29,0,0,Low
REC-0334,HH-134,2026-01-14 18:00,2026-01-14,18,Wednesday,0,2,Apartment,West Hills,757,36.7,72.2%,2.61,0.65,240.4,0.00,2.61,1,0,Moderate
REC-0335,HH-134,2026-01-17 11:00,2026-01-17,11,Saturday,1,2,Apartment,West Hills,757,43.6,67.9%,1.60,0.40,240.7,0.00,1.60,0,0,Moderate
REC-0336,HH-134,2026-01-17 19:00,2026-01-17,19,Saturday,1,2,Apartment,West Hills,757,36.6,74.7%,2.77,0.69,240.3,0.00,2.77,1,0,Moderate
REC-0337,HH-134,2026-02-03 08:00,2026-02-03,8,Tuesday,0,2,Apartment,West Hills,757,28.8,82.2%,12.30,3.08,202.4,0.00,12.30,0,1,Critical Peak
REC-0338,HH-134,2026-02-08 14:00,2026-02-08,14,Sunday,1,2,Apartment,West Hills,757,50.6,65.9%,1.52,0.38,240.7,0.00,1.52,0,0,Low
REC-0339,HH-134,2026-02-19 20:00,2026-02-19,20,Thursday,0,2,Apartment,West Hills,757,42.5,67.6%,2.54,0.64,240.4,0.00,2.54,1,0,Moderate
REC-0340,HH-134,2026-03-05 23:00,2026-03-05,23,Thursday,0,2,Apartment,West Hills,757,46.6,65.5%,0.65,0.16,241.0,0.00,0.65,0,0,Low
REC-0341,HH-135,2026-01-12 03:00,2026-01-12,3,Monday,0,2,Townhouse,East Metro,"1,592",29.2,80.6%,1.37,0.37,241.0,0.00,1.37,0,0,Low
REC-0342,HH-135,2026-01-12 07:00,2026-01-12,7,Monday,0,2,Townhouse,East Metro,"1,592",30.1,81.1%,2.51,0.68,240.6,0.00,2.51,0,0,Moderate
REC-0343,HH-135,2026-01-14 13:00,2026-01-14,13,Wednesday,0,2,Townhouse,East Metro,"1,592",43.9,71.3%,1.38,0.37,241.0,3.69,-2.31,0,0,Low
REC-0344,HH-135,2026-01-14 18:00,2026-01-14,18,Wednesday,0,2,Townhouse,East Metro,"1,592",38.6,70.7%,2.94,0.79,240.5,0.00,2.94,1,0,Moderate
REC-0345,HH-135,2026-01-17 11:00,2026-01-17,11,Saturday,1,2,Townhouse,East Metro,"1,592",48.3,64.2%,1.63,0.44,240.9,2.82,-1.19,0,0,Moderate
REC-0346,HH-135,2026-01-17 19:00,2026-01-17,19,Saturday,1,2,Townhouse,East Metro,"1,592",41.3,71.0%,2.99,0.81,240.4,0.00,2.99,1,0,Moderate
REC-0347,HH-135,2026-02-03 08:00,2026-02-03,8,Tuesday,0,2,Townhouse,East Metro,"1,592",33.5,78.4%,2.68,0.72,240.5,0.00,2.68,0,0,Moderate
REC-0348,HH-135,2026-02-08 14:00,2026-02-08,14,Sunday,1,2,Townhouse,East Metro,"1,592",55.3,62.2%,1.78,0.48,240.8,3.98,-2.20,0,0,Moderate
REC-0349,HH-135,2026-02-19 20:00,2026-02-19,20,Thursday,0,2,Townhouse,East Metro,"1,592",44.4,66.1%,2.86,0.77,240.5,0.00,2.86,1,0,Moderate
REC-0350,HH-135,2026-03-05 23:00,2026-03-05,23,Thursday,0,2,Townhouse,East Metro,"1,592",48.5,64.0%,1.24,0.33,241.0,0.00,1.24,0,0,Low
REC-0351,HH-136,2026-01-12 03:00,2026-01-12,3,Monday,0,4,Duplex,South Valley,"1,645",30.1,79.9%,1.54,0.29,241.1,0.00,1.54,0,0,Low
REC-0352,HH-136,2026-01-12 07:00,2026-01-12,7,Monday,0,4,Duplex,South Valley,"1,645",33.8,78.2%,3.02,0.57,240.6,0.00,3.02,0,0,Moderate
REC-0353,HH-136,2026-01-14 13:00,2026-01-14,13,Wednesday,0,4,Duplex,South Valley,"1,645",47.6,68.3%,1.65,0.31,241.1,0.00,1.65,0,0,Moderate
REC-0354,HH-136,2026-01-14 18:00,2026-01-14,18,Wednesday,0,4,Duplex,South Valley,"1,645",42.3,67.8%,3.73,0.71,240.4,0.00,3.73,1,0,High
REC-0355,HH-136,2026-01-17 11:00,2026-01-17,11,Saturday,1,4,Duplex,South Valley,"1,645",52.0,61.2%,2.14,0.41,240.9,0.00,2.14,0,0,Moderate
REC-0356,HH-136,2026-01-17 19:00,2026-01-17,19,Saturday,1,4,Duplex,South Valley,"1,645",42.2,70.2%,3.93,0.75,240.3,0.00,3.93,1,0,High
REC-0357,HH-136,2026-02-03 08:00,2026-02-03,8,Tuesday,0,4,Duplex,South Valley,"1,645",34.4,77.7%,3.34,0.63,240.5,0.00,3.34,0,0,High
REC-0358,HH-136,2026-02-08 14:00,2026-02-08,14,Sunday,1,4,Duplex,South Valley,"1,645",56.2,61.4%,2.39,0.45,240.8,0.00,2.39,0,0,Moderate
REC-0359,HH-136,2026-02-19 20:00,2026-02-19,20,Thursday,0,4,Duplex,South Valley,"1,645",48.1,63.1%,3.62,0.69,240.4,0.00,3.62,1,0,High
REC-0360,HH-136,2026-03-05 23:00,2026-03-05,23,Thursday,0,4,Duplex,South Valley,"1,645",52.2,61.0%,1.49,0.28,241.1,0.00,1.49,0,0,Low
REC-0361,HH-137,2026-01-12 03:00,2026-01-12,3,Monday,0,3,Single Family,North District,"2,932",22.8,85.8%,2.43,0.51,240.4,0.00,2.43,0,0,Moderate
REC-0362,HH-137,2026-01-12 07:00,2026-01-12,7,Monday,0,3,Single Family,North District,"2,932",26.5,84.0%,3.46,0.73,240.1,0.00,3.46,0,0,High
REC-0363,HH-137,2026-01-14 13:00,2026-01-14,13,Wednesday,0,3,Single Family,North District,"2,932",37.5,76.4%,2.16,0.45,240.5,3.69,-1.53,0,0,Moderate
REC-0364,HH-137,2026-01-14 18:00,2026-01-14,18,Wednesday,0,3,Single Family,North District,"2,932",32.2,75.8%,4.36,0.92,239.8,0.00,4.36,1,0,High
REC-0365,HH-137,2026-01-17 11:00,2026-01-17,11,Saturday,1,3,Single Family,North District,"2,932",41.9,69.3%,2.59,0.54,240.4,2.82,-0.23,0,0,Moderate
REC-0366,HH-137,2026-01-17 19:00,2026-01-17,19,Saturday,1,3,Single Family,North District,"2,932",34.9,76.1%,4.44,0.93,239.8,0.00,4.44,1,0,High
REC-0367,HH-137,2026-02-03 08:00,2026-02-03,8,Tuesday,0,3,Single Family,North District,"2,932",27.1,83.5%,3.78,0.79,240.0,0.00,3.78,0,0,High
REC-0368,HH-137,2026-02-08 14:00,2026-02-08,14,Sunday,1,3,Single Family,North District,"2,932",48.9,67.3%,0.08,0.02,268.1,3.98,-3.90,0,1,Critical Peak
REC-0369,HH-137,2026-02-19 20:00,2026-02-19,20,Thursday,0,3,Single Family,North District,"2,932",40.8,69.0%,4.12,0.87,239.9,0.00,4.12,1,0,High
REC-0370,HH-137,2026-03-05 23:00,2026-03-05,23,Thursday,0,3,Single Family,North District,"2,932",42.1,69.1%,1.88,0.39,240.6,0.00,1.88,0,0,Moderate
REC-0371,HH-138,2026-01-12 03:00,2026-01-12,3,Monday,0,2,Apartment,West Hills,"1,073",23.7,85.0%,1.95,0.45,240.8,0.00,1.95,0,0,Moderate
REC-0372,HH-138,2026-01-12 07:00,2026-01-12,7,Monday,0,2,Apartment,West Hills,"1,073",27.4,83.3%,2.83,0.65,240.5,0.00,2.83,0,0,Moderate
REC-0373,HH-138,2026-01-14 13:00,2026-01-14,13,Wednesday,0,2,Apartment,West Hills,"1,073",41.2,73.4%,1.21,0.28,241.0,0.00,1.21,0,0,Low
REC-0374,HH-138,2026-01-14 18:00,2026-01-14,18,Wednesday,0,2,Apartment,West Hills,"1,073",35.9,72.9%,2.62,0.60,240.6,0.00,2.62,1,0,Moderate
REC-0375,HH-138,2026-01-17 11:00,2026-01-17,11,Saturday,1,2,Apartment,West Hills,"1,073",45.6,66.3%,1.42,0.33,240.9,0.00,1.42,0,0,Low
REC-0376,HH-138,2026-01-17 19:00,2026-01-17,19,Saturday,1,2,Apartment,West Hills,"1,073",38.6,73.1%,2.66,0.61,240.5,0.00,2.66,1,0,Moderate
REC-0377,HH-138,2026-02-03 08:00,2026-02-03,8,Tuesday,0,2,Apartment,West Hills,"1,073",28.0,82.8%,2.56,0.59,240.6,0.00,2.56,0,0,Moderate
REC-0378,HH-138,2026-02-08 14:00,2026-02-08,14,Sunday,1,2,Apartment,West Hills,"1,073",49.8,66.6%,1.45,0.33,240.9,0.00,1.45,0,0,Low
REC-0379,HH-138,2026-02-19 20:00,2026-02-19,20,Thursday,0,2,Apartment,West Hills,"1,073",41.7,68.2%,2.55,0.59,240.6,0.00,2.55,1,0,Moderate
REC-0380,HH-138,2026-03-05 23:00,2026-03-05,23,Thursday,0,2,Apartment,West Hills,"1,073",45.8,66.2%,1.10,0.25,241.0,0.00,1.10,0,0,Low
REC-0381,HH-139,2026-01-12 03:00,2026-01-12,3,Monday,0,2,Townhouse,East Metro,"1,444",28.4,81.3%,1.74,0.44,241.0,0.00,1.74,0,0,Moderate
REC-0382,HH-139,2026-01-12 07:00,2026-01-12,7,Monday,0,2,Townhouse,East Metro,"1,444",32.1,79.5%,2.71,0.68,240.7,0.00,2.71,0,0,Moderate
REC-0383,HH-139,2026-01-14 13:00,2026-01-14,13,Wednesday,0,2,Townhouse,East Metro,"1,444",45.9,69.7%,1.60,0.40,241.1,3.69,-2.09,0,0,Moderate
REC-0384,HH-139,2026-01-14 18:00,2026-01-14,18,Wednesday,0,2,Townhouse,East Metro,"1,444",37.8,71.4%,2.69,0.67,240.7,0.00,2.69,1,0,Moderate
REC-0385,HH-139,2026-01-17 11:00,2026-01-17,11,Saturday,1,2,Townhouse,East Metro,"1,444",47.5,64.8%,1.42,0.36,241.1,2.82,-1.40,0,0,Low
REC-0386,HH-139,2026-01-17 19:00,2026-01-17,19,Saturday,1,2,Townhouse,East Metro,"1,444",40.5,71.6%,2.74,0.69,240.7,0.00,2.74,1,0,Moderate
REC-0387,HH-139,2026-02-03 08:00,2026-02-03,8,Tuesday,0,2,Townhouse,East Metro,"1,444",32.7,79.0%,2.46,0.62,240.8,0.00,2.46,0,0,Moderate
REC-0388,HH-139,2026-02-08 14:00,2026-02-08,14,Sunday,1,2,Townhouse,East Metro,"1,444",54.5,62.8%,1.52,0.38,241.1,3.98,-2.46,0,0,Low
REC-0389,HH-139,2026-02-19 20:00,2026-02-19,20,Thursday,0,2,Townhouse,East Metro,"1,444",46.4,64.5%,2.49,0.62,240.8,0.00,2.49,1,0,Moderate
REC-0390,HH-139,2026-03-05 23:00,2026-03-05,23,Thursday,0,2,Townhouse,East Metro,"1,444",50.5,62.4%,0.94,0.24,241.3,0.00,0.94,0,0,Low
REC-0391,HH-140,2026-01-12 03:00,2026-01-12,3,Monday,0,2,Duplex,South Valley,"2,033",29.3,80.6%,1.73,0.47,240.6,0.00,1.73,0,0,Moderate
REC-0392,HH-140,2026-01-12 07:00,2026-01-12,7,Monday,0,2,Duplex,South Valley,"2,033",33.0,78.8%,2.86,0.77,240.3,0.00,2.86,0,0,Moderate
REC-0393,HH-140,2026-01-14 13:00,2026-01-14,13,Wednesday,0,2,Duplex,South Valley,"2,033",46.8,69.0%,1.66,0.45,240.7,0.00,1.66,0,0,Moderate
REC-0394,HH-140,2026-01-14 18:00,2026-01-14,18,Wednesday,0,2,Duplex,South Valley,"2,033",41.5,68.4%,3.35,0.90,240.1,0.00,3.35,1,0,High
REC-0395,HH-140,2026-01-17 11:00,2026-01-17,11,Saturday,1,2,Duplex,South Valley,"2,033",51.2,61.8%,1.46,0.39,240.7,0.00,1.46,0,0,Low
REC-0396,HH-140,2026-01-17 19:00,2026-01-17,19,Saturday,1,2,Duplex,South Valley,"2,033",44.2,68.6%,2.86,0.77,240.3,0.00,2.86,1,0,Moderate
REC-0397,HH-140,2026-02-03 08:00,2026-02-03,8,Tuesday,0,2,Duplex,South Valley,"2,033",36.4,76.1%,2.48,0.67,240.4,0.00,2.48,0,0,Moderate
REC-0398,HH-140,2026-02-08 14:00,2026-02-08,14,Sunday,1,2,Duplex,South Valley,"2,033",55.4,62.1%,1.69,0.46,240.7,0.00,1.69,0,0,Moderate
REC-0399,HH-140,2026-02-19 20:00,2026-02-19,20,Thursday,0,2,Duplex,South Valley,"2,033",47.3,63.8%,12.50,3.38,202.4,0.00,12.50,1,1,Critical Peak
REC-0400,HH-140,2026-03-05 23:00,2026-03-05,23,Thursday,0,2,Duplex,South Valley,"2,033",51.4,61.7%,1.01,0.27,240.9,0.00,1.01,0,0,Low
REC-0401,HH-141,2026-01-12 03:00,2026-01-12,3,Monday,0,4,Single Family,North District,"3,480",22.0,86.4%,2.47,0.47,240.6,0.00,2.47,0,0,Moderate
REC-0402,HH-141,2026-01-12 07:00,2026-01-12,7,Monday,0,4,Single Family,North District,"3,480",25.7,84.6%,4.41,0.84,240.0,0.00,4.41,0,0,High
REC-0403,HH-141,2026-01-14 13:00,2026-01-14,13,Wednesday,0,4,Single Family,North District,"3,480",39.5,74.8%,2.81,0.53,240.5,3.69,-0.88,0,0,Moderate
REC-0404,HH-141,2026-01-14 18:00,2026-01-14,18,Wednesday,0,4,Single Family,North District,"3,480",34.2,74.2%,5.41,1.03,239.7,0.00,5.41,1,0,Critical Peak
REC-0405,HH-141,2026-01-17 11:00,2026-01-17,11,Saturday,1,4,Single Family,North District,"3,480",41.1,69.9%,3.48,0.66,240.3,2.82,0.66,0,0,High
REC-0406,HH-141,2026-01-17 19:00,2026-01-17,19,Saturday,1,4,Single Family,North District,"3,480",34.1,76.7%,0.08,0.02,268.1,0.00,0.08,1,1,Critical Peak
REC-0407,HH-141,2026-02-03 08:00,2026-02-03,8,Tuesday,0,4,Single Family,North District,"3,480",26.3,84.2%,4.21,0.80,240.1,0.00,4.21,0,0,High
REC-0408,HH-141,2026-02-08 14:00,2026-02-08,14,Sunday,1,4,Single Family,North District,"3,480",48.1,67.9%,2.89,0.55,240.5,3.98,-1.09,0,0,Moderate
REC-0409,HH-141,2026-02-19 20:00,2026-02-19,20,Thursday,0,4,Single Family,North District,"3,480",40.0,69.6%,4.72,0.90,239.9,0.00,4.72,1,0,High
REC-0410,HH-141,2026-03-05 23:00,2026-03-05,23,Thursday,0,4,Single Family,North District,"3,480",44.1,67.5%,1.89,0.36,240.8,0.00,1.89,0,0,Moderate
REC-0411,HH-142,2026-01-12 03:00,2026-01-12,3,Monday,0,2,Apartment,West Hills,889,25.7,83.4%,1.63,0.34,241.1,0.00,1.63,0,0,Moderate
REC-0412,HH-142,2026-01-12 07:00,2026-01-12,7,Monday,0,2,Apartment,West Hills,889,26.6,83.9%,2.59,0.54,240.8,0.00,2.59,0,0,Moderate
REC-0413,HH-142,2026-01-14 13:00,2026-01-14,13,Wednesday,0,2,Apartment,West Hills,889,40.4,74.1%,1.54,0.32,241.1,0.00,1.54,0,0,Low
REC-0414,HH-142,2026-01-14 18:00,2026-01-14,18,Wednesday,0,2,Apartment,West Hills,889,35.1,73.5%,2.91,0.61,240.7,0.00,2.91,1,0,Moderate
REC-0415,HH-142,2026-01-17 11:00,2026-01-17,11,Saturday,1,2,Apartment,West Hills,889,44.8,67.0%,1.74,0.37,241.0,0.00,1.74,0,0,Moderate
REC-0416,HH-142,2026-01-17 19:00,2026-01-17,19,Saturday,1,2,Apartment,West Hills,889,37.8,73.8%,2.94,0.62,240.7,0.00,2.94,1,0,Moderate
REC-0417,HH-142,2026-02-03 08:00,2026-02-03,8,Tuesday,0,2,Apartment,West Hills,889,30.0,81.2%,2.20,0.46,240.9,0.00,2.20,0,0,Moderate
REC-0418,HH-142,2026-02-08 14:00,2026-02-08,14,Sunday,1,2,Apartment,West Hills,889,51.8,65.0%,1.17,0.25,241.2,0.00,1.17,0,0,Low
REC-0419,HH-142,2026-02-19 20:00,2026-02-19,20,Thursday,0,2,Apartment,West Hills,889,40.9,68.9%,2.29,0.48,240.9,0.00,2.29,1,0,Moderate
REC-0420,HH-142,2026-03-05 23:00,2026-03-05,23,Thursday,0,2,Apartment,West Hills,889,45.0,66.8%,0.90,0.19,241.3,0.00,0.90,0,0,Low
REC-0421,HH-143,2026-01-12 03:00,2026-01-12,3,Monday,0,2,Townhouse,East Metro,"1,896",27.6,81.9%,1.64,0.38,240.7,0.00,1.64,0,0,Moderate
REC-0422,HH-143,2026-01-12 07:00,2026-01-12,7,Monday,0,2,Townhouse,East Metro,"1,896",31.3,80.2%,2.73,0.63,240.3,0.00,2.73,0,0,Moderate
REC-0423,HH-143,2026-01-14 13:00,2026-01-14,13,Wednesday,0,2,Townhouse,East Metro,"1,896",45.1,70.3%,1.55,0.36,240.7,3.69,-2.14,0,0,Low
REC-0424,HH-143,2026-01-14 18:00,2026-01-14,18,Wednesday,0,2,Townhouse,East Metro,"1,896",39.8,69.8%,3.20,0.74,240.2,0.00,3.20,1,0,High
REC-0425,HH-143,2026-01-17 11:00,2026-01-17,11,Saturday,1,2,Townhouse,East Metro,"1,896",49.5,63.2%,1.83,0.42,240.6,2.82,-0.99,0,0,Moderate
REC-0426,HH-143,2026-01-17 19:00,2026-01-17,19,Saturday,1,2,Townhouse,East Metro,"1,896",39.7,72.2%,3.38,0.78,240.1,0.00,3.38,1,0,High
REC-0427,HH-143,2026-02-03 08:00,2026-02-03,8,Tuesday,0,2,Townhouse,East Metro,"1,896",31.9,79.7%,3.03,0.70,240.2,0.00,3.03,0,0,Moderate
REC-0428,HH-143,2026-02-08 14:00,2026-02-08,14,Sunday,1,2,Townhouse,East Metro,"1,896",53.7,63.4%,1.49,0.34,240.7,3.98,-2.49,0,0,Low
REC-0429,HH-143,2026-02-19 20:00,2026-02-19,20,Thursday,0,2,Townhouse,East Metro,"1,896",45.6,65.1%,2.57,0.59,240.4,0.00,2.57,1,0,Moderate
REC-0430,HH-143,2026-03-05 23:00,2026-03-05,23,Thursday,0,2,Townhouse,East Metro,"1,896",49.7,63.0%,0.85,0.20,240.9,0.00,0.85,0,0,Low
REC-0431,HH-144,2026-01-12 03:00,2026-01-12,3,Monday,0,3,Duplex,South Valley,"1,771",31.3,79.0%,1.53,0.38,240.9,0.00,1.53,0,0,Low
REC-0432,HH-144,2026-01-12 07:00,2026-01-12,7,Monday,0,3,Duplex,South Valley,"1,771",35.0,77.2%,2.81,0.70,240.5,0.00,2.81,0,0,Moderate
REC-0433,HH-144,2026-01-14 13:00,2026-01-14,13,Wednesday,0,3,Duplex,South Valley,"1,771",46.0,69.6%,1.67,0.42,240.9,0.00,1.67,0,0,Moderate
REC-0434,HH-144,2026-01-14 18:00,2026-01-14,18,Wednesday,0,3,Duplex,South Valley,"1,771",40.7,69.0%,3.53,0.88,240.3,0.00,3.53,1,0,High
REC-0435,HH-144,2026-01-17 11:00,2026-01-17,11,Saturday,1,3,Duplex,South Valley,"1,771",50.4,62.5%,2.03,0.51,240.8,0.00,2.03,0,0,Moderate
REC-0436,HH-144,2026-01-17 19:00,2026-01-17,19,Saturday,1,3,Duplex,South Valley,"1,771",43.4,69.3%,3.60,0.90,240.2,0.00,3.60,1,0,High
REC-0437,HH-144,2026-02-03 08:00,2026-02-03,8,Tuesday,0,3,Duplex,South Valley,"1,771",35.6,76.7%,13.30,3.33,202.4,0.00,13.30,0,1,Critical Peak
REC-0438,HH-144,2026-02-08 14:00,2026-02-08,14,Sunday,1,3,Duplex,South Valley,"1,771",57.4,60.5%,2.26,0.57,240.7,0.00,2.26,0,0,Moderate
REC-0439,HH-144,2026-02-19 20:00,2026-02-19,20,Thursday,0,3,Duplex,South Valley,"1,771",49.3,62.2%,2.76,0.69,240.5,0.00,2.76,1,0,Moderate
REC-0440,HH-144,2026-03-05 23:00,2026-03-05,23,Thursday,0,3,Duplex,South Valley,"1,771",50.6,62.3%,0.94,0.24,241.1,0.00,0.94,0,0,Low
REC-0441,HH-145,2026-01-12 03:00,2026-01-12,3,Monday,0,5,Single Family,North District,"2,628",21.2,87.0%,2.31,0.62,240.9,0.00,2.31,0,0,Moderate
REC-0442,HH-145,2026-01-12 07:00,2026-01-12,7,Monday,0,5,Single Family,North District,"2,628",24.9,85.3%,4.26,1.15,240.2,0.00,4.26,0,0,High
REC-0443,HH-145,2026-01-14 13:00,2026-01-14,13,Wednesday,0,5,Single Family,North District,"2,628",38.7,75.4%,2.65,0.72,240.8,3.69,-1.04,0,0,Moderate
REC-0444,HH-145,2026-01-14 18:00,2026-01-14,18,Wednesday,0,5,Single Family,North District,"2,628",33.4,74.9%,5.27,1.42,239.9,0.00,5.27,1,0,Critical Peak
REC-0445,HH-145,2026-01-17 11:00,2026-01-17,11,Saturday,1,5,Single Family,North District,"2,628",43.1,68.3%,3.20,0.86,240.6,2.82,0.38,0,0,High
REC-0446,HH-145,2026-01-17 19:00,2026-01-17,19,Saturday,1,5,Single Family,North District,"2,628",36.1,75.1%,5.37,1.45,239.9,0.00,5.37,1,0,Critical Peak
REC-0447,HH-145,2026-02-03 08:00,2026-02-03,8,Tuesday,0,5,Single Family,North District,"2,628",25.5,84.8%,4.61,1.24,240.1,0.00,4.61,0,0,High
REC-0448,HH-145,2026-02-08 14:00,2026-02-08,14,Sunday,1,5,Single Family,North District,"2,628",47.3,68.6%,3.29,0.89,240.5,3.98,-0.69,0,0,High
REC-0449,HH-145,2026-02-19 20:00,2026-02-19,20,Thursday,0,5,Single Family,North District,"2,628",39.2,70.2%,5.13,1.39,240.0,0.00,5.13,1,0,High
REC-0450,HH-145,2026-03-05 23:00,2026-03-05,23,Thursday,0,5,Single Family,North District,"2,628",43.3,68.2%,1.73,0.47,241.0,0.00,1.73,0,0,Moderate
REC-0451,HH-146,2026-01-12 03:00,2026-01-12,3,Monday,0,2,Apartment,West Hills,705,24.9,84.1%,1.44,0.27,240.7,0.00,1.44,0,0,Low
REC-0452,HH-146,2026-01-12 07:00,2026-01-12,7,Monday,0,2,Apartment,West Hills,705,28.6,82.3%,2.23,0.42,240.5,0.00,2.23,0,0,Moderate
REC-0453,HH-146,2026-01-14 13:00,2026-01-14,13,Wednesday,0,2,Apartment,West Hills,705,42.4,72.5%,1.21,0.23,240.8,0.00,1.21,0,0,Low
REC-0454,HH-146,2026-01-14 18:00,2026-01-14,18,Wednesday,0,2,Apartment,West Hills,705,34.3,74.2%,2.64,0.50,240.4,0.00,2.64,1,0,Moderate
REC-0455,HH-146,2026-01-17 11:00,2026-01-17,11,Saturday,1,2,Apartment,West Hills,705,44.0,67.6%,1.52,0.29,240.7,0.00,1.52,0,0,Low
REC-0456,HH-146,2026-01-17 19:00,2026-01-17,19,Saturday,1,2,Apartment,West Hills,705,37.0,74.4%,2.67,0.51,240.3,0.00,2.67,1,0,Moderate
REC-0457,HH-146,2026-02-03 08:00,2026-02-03,8,Tuesday,0,2,Apartment,West Hills,705,29.2,81.8%,2.51,0.48,240.4,0.00,2.51,0,0,Moderate
REC-0458,HH-146,2026-02-08 14:00,2026-02-08,14,Sunday,1,2,Apartment,West Hills,705,51.0,65.6%,1.45,0.28,240.7,0.00,1.45,0,0,Low
REC-0459,HH-146,2026-02-19 20:00,2026-02-19,20,Thursday,0,2,Apartment,West Hills,705,42.9,67.3%,2.45,0.47,240.4,0.00,2.45,1,0,Moderate
REC-0460,HH-146,2026-03-05 23:00,2026-03-05,23,Thursday,0,2,Apartment,West Hills,705,47.0,65.2%,1.12,0.21,240.8,0.00,1.12,0,0,Low
REC-0461,HH-147,2026-01-12 03:00,2026-01-12,3,Monday,0,2,Townhouse,East Metro,"1,748",26.8,82.6%,1.45,0.30,240.9,0.00,1.45,0,0,Low
REC-0462,HH-147,2026-01-12 07:00,2026-01-12,7,Monday,0,2,Townhouse,East Metro,"1,748",30.5,80.8%,2.51,0.53,240.6,0.00,2.51,0,0,Moderate
REC-0463,HH-147,2026-01-14 13:00,2026-01-14,13,Wednesday,0,2,Townhouse,East Metro,"1,748",44.3,71.0%,1.35,0.28,241.0,3.69,-2.34,0,0,Low
REC-0464,HH-147,2026-01-14 18:00,2026-01-14,18,Wednesday,0,2,Townhouse,East Metro,"1,748",39.0,70.4%,2.96,0.62,240.5,0.00,2.96,1,0,Moderate
REC-0465,HH-147,2026-01-17 11:00,2026-01-17,11,Saturday,1,2,Townhouse,East Metro,"1,748",48.7,63.8%,1.62,0.34,240.9,2.82,-1.20,0,0,Moderate
REC-0466,HH-147,2026-01-17 19:00,2026-01-17,19,Saturday,1,2,Townhouse,East Metro,"1,748",41.7,70.6%,3.01,0.63,240.4,0.00,3.01,1,0,Moderate
REC-0467,HH-147,2026-02-03 08:00,2026-02-03,8,Tuesday,0,2,Townhouse,East Metro,"1,748",33.9,78.1%,2.68,0.56,240.5,0.00,2.68,0,0,Moderate
REC-0468,HH-147,2026-02-08 14:00,2026-02-08,14,Sunday,1,2,Townhouse,East Metro,"1,748",52.9,64.1%,0.08,0.02,268.1,3.98,-3.90,0,1,Critical Peak
REC-0469,HH-147,2026-02-19 20:00,2026-02-19,20,Thursday,0,2,Townhouse,East Metro,"1,748",44.8,65.8%,2.87,0.60,240.5,0.00,2.87,1,0,Moderate
REC-0470,HH-147,2026-03-05 23:00,2026-03-05,23,Thursday,0,2,Townhouse,East Metro,"1,748",48.9,63.7%,1.20,0.25,241.0,0.00,1.20,0,0,Low
REC-0471,HH-148,2026-01-12 03:00,2026-01-12,3,Monday,0,4,Duplex,South Valley,"1,509",30.5,79.6%,2.00,0.46,241.0,0.00,2.00,0,0,Moderate
REC-0472,HH-148,2026-01-12 07:00,2026-01-12,7,Monday,0,4,Duplex,South Valley,"1,509",34.2,77.8%,2.90,0.67,240.7,0.00,2.90,0,0,Moderate
REC-0473,HH-148,2026-01-14 13:00,2026-01-14,13,Wednesday,0,4,Duplex,South Valley,"1,509",48.0,68.0%,1.55,0.36,241.1,0.00,1.55,0,0,Low
REC-0474,HH-148,2026-01-14 18:00,2026-01-14,18,Wednesday,0,4,Duplex,South Valley,"1,509",42.7,67.4%,3.59,0.83,240.5,0.00,3.59,1,0,High
REC-0475,HH-148,2026-01-17 11:00,2026-01-17,11,Saturday,1,4,Duplex,South Valley,"1,509",49.6,63.1%,2.06,0.47,240.9,0.00,2.06,0,0,Moderate
REC-0476,HH-148,2026-01-17 19:00,2026-01-17,19,Saturday,1,4,Duplex,South Valley,"1,509",42.6,69.9%,3.79,0.87,240.4,0.00,3.79,1,0,High
REC-0477,HH-148,2026-02-03 08:00,2026-02-03,8,Tuesday,0,4,Duplex,South Valley,"1,509",34.8,77.4%,3.22,0.74,240.6,0.00,3.22,0,0,High
REC-0478,HH-148,2026-02-08 14:00,2026-02-08,14,Sunday,1,4,Duplex,South Valley,"1,509",56.6,61.1%,2.29,0.53,240.9,0.00,2.29,0,0,Moderate
REC-0479,HH-148,2026-02-19 20:00,2026-02-19,20,Thursday,0,4,Duplex,South Valley,"1,509",48.5,62.8%,3.48,0.80,240.5,0.00,3.48,1,0,High
REC-0480,HH-148,2026-03-05 23:00,2026-03-05,23,Thursday,0,4,Duplex,South Valley,"1,509",52.6,60.7%,1.42,0.33,241.1,0.00,1.42,0,0,Low
REC-0481,HH-149,2026-01-12 03:00,2026-01-12,3,Monday,0,3,Single Family,North District,"3,176",23.2,85.4%,2.39,0.60,240.4,0.00,2.39,0,0,Moderate
REC-0482,HH-149,2026-01-12 07:00,2026-01-12,7,Monday,0,3,Single Family,North District,"3,176",24.1,85.9%,4.16,1.04,239.9,0.00,4.16,0,0,High
REC-0483,HH-149,2026-01-14 13:00,2026-01-14,13,Wednesday,0,3,Single Family,North District,"3,176",37.9,76.1%,2.16,0.54,240.5,3.69,-1.53,0,0,Moderate
REC-0484,HH-149,2026-01-14 18:00,2026-01-14,18,Wednesday,0,3,Single Family,North District,"3,176",32.6,75.5%,4.43,1.11,239.8,0.00,4.43,1,0,High
REC-0485,HH-149,2026-01-17 11:00,2026-01-17,11,Saturday,1,3,Single Family,North District,"3,176",42.3,69.0%,2.61,0.65,240.4,2.82,-0.21,0,0,Moderate
REC-0486,HH-149,2026-01-17 19:00,2026-01-17,19,Saturday,1,3,Single Family,North District,"3,176",35.3,75.8%,4.51,1.13,239.8,0.00,4.51,1,0,High
REC-0487,HH-149,2026-02-03 08:00,2026-02-03,8,Tuesday,0,3,Single Family,North District,"3,176",27.5,83.2%,3.82,0.96,240.0,0.00,3.82,0,0,High
REC-0488,HH-149,2026-02-08 14:00,2026-02-08,14,Sunday,1,3,Single Family,North District,"3,176",49.3,67.0%,2.56,0.64,240.4,3.98,-1.42,0,0,Moderate
REC-0489,HH-149,2026-02-19 20:00,2026-02-19,20,Thursday,0,3,Single Family,North District,"3,176",38.4,70.9%,4.30,1.08,239.8,0.00,4.30,1,0,High
REC-0490,HH-149,2026-03-05 23:00,2026-03-05,23,Thursday,0,3,Single Family,North District,"3,176",42.5,68.8%,1.86,0.47,240.6,0.00,1.86,0,0,Moderate
REC-0491,HH-150,2026-01-12 03:00,2026-01-12,3,Monday,0,2,Apartment,West Hills,"1,021",24.1,84.7%,1.87,0.50,240.8,0.00,1.87,0,0,Moderate
REC-0492,HH-150,2026-01-12 07:00,2026-01-12,7,Monday,0,2,Apartment,West Hills,"1,021",27.8,83.0%,2.74,0.74,240.5,0.00,2.74,0,0,Moderate
REC-0493,HH-150,2026-01-14 13:00,2026-01-14,13,Wednesday,0,2,Apartment,West Hills,"1,021",41.6,73.1%,1.68,0.45,240.9,0.00,1.68,0,0,Moderate
REC-0494,HH-150,2026-01-14 18:00,2026-01-14,18,Wednesday,0,2,Apartment,West Hills,"1,021",36.3,72.6%,2.52,0.68,240.6,0.00,2.52,1,0,Moderate
REC-0495,HH-150,2026-01-17 11:00,2026-01-17,11,Saturday,1,2,Apartment,West Hills,"1,021",46.0,66.0%,1.34,0.36,241.0,0.00,1.34,0,0,Low
REC-0496,HH-150,2026-01-17 19:00,2026-01-17,19,Saturday,1,2,Apartment,West Hills,"1,021",36.2,75.0%,2.69,0.73,240.5,0.00,2.69,1,0,Moderate
REC-0497,HH-150,2026-02-03 08:00,2026-02-03,8,Tuesday,0,2,Apartment,West Hills,"1,021",28.4,82.5%,2.48,0.67,240.6,0.00,2.48,0,0,Moderate
REC-0498,HH-150,2026-02-08 14:00,2026-02-08,14,Sunday,1,2,Apartment,West Hills,"1,021",50.2,66.2%,1.37,0.37,241.0,0.00,1.37,0,0,Low
REC-0499,HH-150,2026-02-19 20:00,2026-02-19,20,Thursday,0,2,Apartment,West Hills,"1,021",42.1,67.9%,13.50,3.65,202.4,0.00,13.50,1,1,Critical Peak
REC-0500,HH-150,2026-03-05 23:00,2026-03-05,23,Thursday,0,2,Apartment,West Hills,"1,021",46.2,65.8%,1.02,0.28,241.1,0.00,1.02,0,0,Low
REC-0501,HH-151,2026-01-12 03:00,2026-01-12,3,Monday,0,2,Townhouse,East Metro,"1,600",28.8,81.0%,1.69,0.32,241.1,0.00,1.69,0,0,Moderate
REC-0502,HH-151,2026-01-12 07:00,2026-01-12,7,Monday,0,2,Townhouse,East Metro,"1,600",32.5,79.2%,2.71,0.51,240.7,0.00,2.71,0,0,Moderate
REC-0503,HH-151,2026-01-14 13:00,2026-01-14,13,Wednesday,0,2,Townhouse,East Metro,"1,600",43.5,71.6%,1.70,0.32,241.1,3.69,-1.99,0,0,Moderate
REC-0504,HH-151,2026-01-14 18:00,2026-01-14,18,Wednesday,0,2,Townhouse,East Metro,"1,600",38.2,71.0%,3.26,0.62,240.6,0.00,3.26,1,0,High
REC-0505,HH-151,2026-01-17 11:00,2026-01-17,11,Saturday,1,2,Townhouse,East Metro,"1,600",47.9,64.5%,1.40,0.27,241.2,2.82,-1.42,0,0,Low
REC-0506,HH-151,2026-01-17 19:00,2026-01-17,19,Saturday,1,2,Townhouse,East Metro,"1,600",40.9,71.3%,0.08,0.02,268.1,0.00,0.08,1,1,Critical Peak
REC-0507,HH-151,2026-02-03 08:00,2026-02-03,8,Tuesday,0,2,Townhouse,East Metro,"1,600",33.1,78.7%,2.45,0.47,240.8,0.00,2.45,0,0,Moderate
REC-0508,HH-151,2026-02-08 14:00,2026-02-08,14,Sunday,1,2,Townhouse,East Metro,"1,600",54.9,62.5%,1.53,0.29,241.1,3.98,-2.45,0,0,Low
REC-0509,HH-151,2026-02-19 20:00,2026-02-19,20,Thursday,0,2,Townhouse,East Metro,"1,600",46.8,64.2%,2.50,0.48,240.8,0.00,2.50,1,0,Moderate
REC-0510,HH-151,2026-03-05 23:00,2026-03-05,23,Thursday,0,2,Townhouse,East Metro,"1,600",48.1,64.3%,1.01,0.19,241.3,0.00,1.01,0,0,Low
REC-0511,HH-152,2026-01-12 03:00,2026-01-12,3,Monday,0,2,Duplex,South Valley,"1,897",29.7,80.2%,1.64,0.34,240.7,0.00,1.64,0,0,Moderate
REC-0512,HH-152,2026-01-12 07:00,2026-01-12,7,Monday,0,2,Duplex,South Valley,"1,897",33.4,78.5%,2.74,0.58,240.3,0.00,2.74,0,0,Moderate
REC-0513,HH-152,2026-01-14 13:00,2026-01-14,13,Wednesday,0,2,Duplex,South Valley,"1,897",47.2,68.6%,1.56,0.33,240.7,0.00,1.56,0,0,Low
REC-0514,HH-152,2026-01-14 18:00,2026-01-14,18,Wednesday,0,2,Duplex,South Valley,"1,897",41.9,68.1%,3.21,0.67,240.2,0.00,3.21,1,0,High
REC-0515,HH-152,2026-01-17 11:00,2026-01-17,11,Saturday,1,2,Duplex,South Valley,"1,897",51.6,61.5%,1.91,0.40,240.6,0.00,1.91,0,0,Moderate
REC-0516,HH-152,2026-01-17 19:00,2026-01-17,19,Saturday,1,2,Duplex,South Valley,"1,897",44.6,68.3%,2.71,0.57,240.3,0.00,2.71,1,0,Moderate
REC-0517,HH-152,2026-02-03 08:00,2026-02-03,8,Tuesday,0,2,Duplex,South Valley,"1,897",34.0,78.0%,2.48,0.52,240.4,0.00,2.48,0,0,Moderate
REC-0518,HH-152,2026-02-08 14:00,2026-02-08,14,Sunday,1,2,Duplex,South Valley,"1,897",55.8,61.8%,1.59,0.33,240.7,0.00,1.59,0,0,Low
REC-0519,HH-152,2026-02-19 20:00,2026-02-19,20,Thursday,0,2,Duplex,South Valley,"1,897",47.7,63.4%,2.57,0.54,240.4,0.00,2.57,1,0,Moderate
REC-0520,HH-152,2026-03-05 23:00,2026-03-05,23,Thursday,0,2,Duplex,South Valley,"1,897",51.8,61.4%,0.93,0.20,240.9,0.00,0.93,0,0,Low
REC-0521,HH-153,2026-01-12 03:00,2026-01-12,3,Monday,0,4,Single Family,North District,"2,324",22.4,86.1%,2.23,0.51,240.7,0.00,2.23,0,0,Moderate
REC-0522,HH-153,2026-01-12 07:00,2026-01-12,7,Monday,0,4,Single Family,North District,"2,324",26.1,84.3%,3.88,0.89,240.2,0.00,3.88,0,0,High
REC-0523,HH-153,2026-01-14 13:00,2026-01-14,13,Wednesday,0,4,Single Family,North District,"2,324",39.9,74.5%,2.43,0.56,240.6,3.69,-1.26,0,0,Moderate
REC-0524,HH-153,2026-01-14 18:00,2026-01-14,18,Wednesday,0,4,Single Family,North District,"2,324",31.8,76.2%,4.83,1.11,239.9,0.00,4.83,1,0,High
REC-0525,HH-153,2026-01-17 11:00,2026-01-17,11,Saturday,1,4,Single Family,North District,"2,324",41.5,69.6%,3.01,0.69,240.4,2.82,0.19,0,0,Moderate
REC-0526,HH-153,2026-01-17 19:00,2026-01-17,19,Saturday,1,4,Single Family,North District,"2,324",34.5,76.4%,4.92,1.13,239.8,0.00,4.92,1,0,High
REC-0527,HH-153,2026-02-03 08:00,2026-02-03,8,Tuesday,0,4,Single Family,North District,"2,324",26.7,83.8%,3.67,0.84,240.2,0.00,3.67,0,0,High
REC-0528,HH-153,2026-02-08 14:00,2026-02-08,14,Sunday,1,4,Single Family,North District,"2,324",48.5,67.6%,2.40,0.55,240.6,3.98,-1.58,0,0,Moderate
REC-0529,HH-153,2026-02-19 20:00,2026-02-19,20,Thursday,0,4,Single Family,North District,"2,324",40.4,69.3%,4.03,0.93,240.1,0.00,4.03,1,0,High
REC-0530,HH-153,2026-03-05 23:00,2026-03-05,23,Thursday,0,4,Single Family,North District,"2,324",44.5,67.2%,1.58,0.36,240.9,0.00,1.58,0,0,Low
REC-0531,HH-154,2026-01-12 03:00,2026-01-12,3,Monday,0,2,Apartment,West Hills,837,23.3,85.4%,1.68,0.42,241.1,0.00,1.68,0,0,Moderate
REC-0532,HH-154,2026-01-12 07:00,2026-01-12,7,Monday,0,2,Apartment,West Hills,837,27.0,83.6%,2.50,0.63,240.8,0.00,2.50,0,0,Moderate
REC-0533,HH-154,2026-01-14 13:00,2026-01-14,13,Wednesday,0,2,Apartment,West Hills,837,40.8,73.8%,1.46,0.37,241.1,0.00,1.46,0,0,Low
REC-0534,HH-154,2026-01-14 18:00,2026-01-14,18,Wednesday,0,2,Apartment,West Hills,837,35.5,73.2%,2.81,0.70,240.7,0.00,2.81,1,0,Moderate
REC-0535,HH-154,2026-01-17 11:00,2026-01-17,11,Saturday,1,2,Apartment,West Hills,837,45.2,66.6%,1.66,0.42,241.1,0.00,1.66,0,0,Moderate
REC-0536,HH-154,2026-01-17 19:00,2026-01-17,19,Saturday,1,2,Apartment,West Hills,837,38.2,73.4%,2.85,0.71,240.7,0.00,2.85,1,0,Moderate
REC-0537,HH-154,2026-02-03 08:00,2026-02-03,8,Tuesday,0,2,Apartment,West Hills,837,30.4,80.9%,14.30,3.58,202.4,0.00,14.30,0,1,Critical Peak
REC-0538,HH-154,2026-02-08 14:00,2026-02-08,14,Sunday,1,2,Apartment,West Hills,837,49.4,66.9%,1.13,0.28,241.2,0.00,1.13,0,0,Low
REC-0539,HH-154,2026-02-19 20:00,2026-02-19,20,Thursday,0,2,Apartment,West Hills,837,41.3,68.6%,2.19,0.55,240.9,0.00,2.19,1,0,Moderate
REC-0540,HH-154,2026-03-05 23:00,2026-03-05,23,Thursday,0,2,Apartment,West Hills,837,45.4,66.5%,0.82,0.21,241.3,0.00,0.82,0,0,Low
REC-0541,HH-155,2026-01-12 03:00,2026-01-12,3,Monday,0,2,Townhouse,East Metro,"1,452",28.0,81.6%,1.51,0.41,240.7,0.00,1.51,0,0,Low
REC-0542,HH-155,2026-01-12 07:00,2026-01-12,7,Monday,0,2,Townhouse,East Metro,"1,452",31.7,79.8%,2.49,0.67,240.4,0.00,2.49,0,0,Moderate
REC-0543,HH-155,2026-01-14 13:00,2026-01-14,13,Wednesday,0,2,Townhouse,East Metro,"1,452",45.5,70.0%,1.37,0.37,240.8,3.69,-2.32,0,0,Low
REC-0544,HH-155,2026-01-14 18:00,2026-01-14,18,Wednesday,0,2,Townhouse,East Metro,"1,452",40.2,69.4%,2.89,0.78,240.3,0.00,2.89,1,0,Moderate
REC-0545,HH-155,2026-01-17 11:00,2026-01-17,11,Saturday,1,2,Townhouse,East Metro,"1,452",47.1,65.1%,1.74,0.47,240.6,2.82,-1.08,0,0,Moderate
REC-0546,HH-155,2026-01-17 19:00,2026-01-17,19,Saturday,1,2,Townhouse,East Metro,"1,452",40.1,71.9%,3.06,0.83,240.2,0.00,3.06,1,0,Moderate
REC-0547,HH-155,2026-02-03 08:00,2026-02-03,8,Tuesday,0,2,Townhouse,East Metro,"1,452",32.3,79.4%,2.78,0.75,240.3,0.00,2.78,0,0,Moderate
REC-0548,HH-155,2026-02-08 14:00,2026-02-08,14,Sunday,1,2,Townhouse,East Metro,"1,452",54.1,63.1%,1.83,0.49,240.6,3.98,-2.15,0,0,Moderate
REC-0549,HH-155,2026-02-19 20:00,2026-02-19,20,Thursday,0,2,Townhouse,East Metro,"1,452",46.0,64.8%,2.26,0.61,240.5,0.00,2.26,1,0,Moderate
REC-0550,HH-155,2026-03-05 23:00,2026-03-05,23,Thursday,0,2,Townhouse,East Metro,"1,452",50.1,62.7%,0.69,0.19,241.0,0.00,0.69,0,0,Low
REC-0551,HH-156,2026-01-12 03:00,2026-01-12,3,Monday,0,3,Duplex,South Valley,"1,635",31.7,78.6%,1.44,0.27,240.9,0.00,1.44,0,0,Low
REC-0552,HH-156,2026-01-12 07:00,2026-01-12,7,Monday,0,3,Duplex,South Valley,"1,635",32.6,79.1%,2.82,0.54,240.5,0.00,2.82,0,0,Moderate
REC-0553,HH-156,2026-01-14 13:00,2026-01-14,13,Wednesday,0,3,Duplex,South Valley,"1,635",46.4,69.3%,1.56,0.30,240.9,0.00,1.56,0,0,Low
REC-0554,HH-156,2026-01-14 18:00,2026-01-14,18,Wednesday,0,3,Duplex,South Valley,"1,635",41.1,68.7%,3.39,0.64,240.3,0.00,3.39,1,0,High
REC-0555,HH-156,2026-01-17 11:00,2026-01-17,11,Saturday,1,3,Duplex,South Valley,"1,635",50.8,62.2%,1.93,0.37,240.8,0.00,1.93,0,0,Moderate
REC-0556,HH-156,2026-01-17 19:00,2026-01-17,19,Saturday,1,3,Duplex,South Valley,"1,635",43.8,69.0%,3.45,0.66,240.3,0.00,3.45,1,0,High
REC-0557,HH-156,2026-02-03 08:00,2026-02-03,8,Tuesday,0,3,Duplex,South Valley,"1,635",36.0,76.4%,3.00,0.57,240.4,0.00,3.00,0,0,Moderate
REC-0558,HH-156,2026-02-08 14:00,2026-02-08,14,Sunday,1,3,Duplex,South Valley,"1,635",57.8,60.2%,2.16,0.41,240.7,0.00,2.16,0,0,Moderate
REC-0559,HH-156,2026-02-19 20:00,2026-02-19,20,Thursday,0,3,Duplex,South Valley,"1,635",46.9,64.1%,3.29,0.63,240.3,0.00,3.29,1,0,High
REC-0560,HH-156,2026-03-05 23:00,2026-03-05,23,Thursday,0,3,Duplex,South Valley,"1,635",51.0,62.0%,0.86,0.16,241.1,0.00,0.86,0,0,Low
REC-0561,HH-157,2026-01-12 03:00,2026-01-12,3,Monday,0,5,Single Family,North District,"2,872",21.6,86.7%,2.27,0.48,240.9,0.00,2.27,0,0,Moderate
REC-0562,HH-157,2026-01-12 07:00,2026-01-12,7,Monday,0,5,Single Family,North District,"2,872",25.3,85.0%,4.29,0.90,240.2,0.00,4.29,0,0,High
REC-0563,HH-157,2026-01-14 13:00,2026-01-14,13,Wednesday,0,5,Single Family,North District,"2,872",39.1,75.1%,2.65,0.56,240.8,3.69,-1.04,0,0,Moderate
REC-0564,HH-157,2026-01-14 18:00,2026-01-14,18,Wednesday,0,5,Single Family,North District,"2,872",33.8,74.6%,5.33,1.12,239.9,0.00,5.33,1,0,Critical Peak
REC-0565,HH-157,2026-01-17 11:00,2026-01-17,11,Saturday,1,5,Single Family,North District,"2,872",43.5,68.0%,3.22,0.68,240.6,2.82,0.40,0,0,High
REC-0566,HH-157,2026-01-17 19:00,2026-01-17,19,Saturday,1,5,Single Family,North District,"2,872",33.7,77.0%,5.57,1.17,239.8,0.00,5.57,1,0,Critical Peak
REC-0567,HH-157,2026-02-03 08:00,2026-02-03,8,Tuesday,0,5,Single Family,North District,"2,872",25.9,84.5%,4.64,0.97,240.1,0.00,4.64,0,0,High
REC-0568,HH-157,2026-02-08 14:00,2026-02-08,14,Sunday,1,5,Single Family,North District,"2,872",47.7,68.2%,0.08,0.02,268.1,3.98,-3.90,0,1,Critical Peak
REC-0569,HH-157,2026-02-19 20:00,2026-02-19,20,Thursday,0,5,Single Family,North District,"2,872",39.6,69.9%,5.19,1.09,239.9,0.00,5.19,1,0,High
REC-0570,HH-157,2026-03-05 23:00,2026-03-05,23,Thursday,0,5,Single Family,North District,"2,872",43.7,67.8%,2.26,0.47,240.9,0.00,2.26,0,0,Moderate
REC-0571,HH-158,2026-01-12 03:00,2026-01-12,3,Monday,0,2,Apartment,West Hills,653,25.3,83.8%,1.36,0.31,240.8,0.00,1.36,0,0,Low
REC-0572,HH-158,2026-01-12 07:00,2026-01-12,7,Monday,0,2,Apartment,West Hills,653,29.0,82.0%,2.14,0.49,240.5,0.00,2.14,0,0,Moderate
REC-0573,HH-158,2026-01-14 13:00,2026-01-14,13,Wednesday,0,2,Apartment,West Hills,653,40.0,74.4%,1.25,0.29,240.8,0.00,1.25,0,0,Low
REC-0574,HH-158,2026-01-14 18:00,2026-01-14,18,Wednesday,0,2,Apartment,West Hills,653,34.7,73.8%,2.54,0.58,240.4,0.00,2.54,1,0,Moderate
REC-0575,HH-158,2026-01-17 11:00,2026-01-17,11,Saturday,1,2,Apartment,West Hills,653,44.4,67.3%,1.43,0.33,240.7,0.00,1.43,0,0,Low
REC-0576,HH-158,2026-01-17 19:00,2026-01-17,19,Saturday,1,2,Apartment,West Hills,653,37.4,74.1%,2.58,0.59,240.4,0.00,2.58,1,0,Moderate
REC-0577,HH-158,2026-02-03 08:00,2026-02-03,8,Tuesday,0,2,Apartment,West Hills,653,29.6,81.5%,2.42,0.56,240.4,0.00,2.42,0,0,Moderate
REC-0578,HH-158,2026-02-08 14:00,2026-02-08,14,Sunday,1,2,Apartment,West Hills,653,51.4,65.3%,1.38,0.32,240.8,0.00,1.38,0,0,Low
REC-0579,HH-158,2026-02-19 20:00,2026-02-19,20,Thursday,0,2,Apartment,West Hills,653,43.3,67.0%,2.35,0.54,240.4,0.00,2.35,1,0,Moderate
REC-0580,HH-158,2026-03-05 23:00,2026-03-05,23,Thursday,0,2,Apartment,West Hills,653,44.6,67.1%,1.17,0.27,240.8,0.00,1.17,0,0,Low
REC-0581,HH-159,2026-01-12 03:00,2026-01-12,3,Monday,0,2,Townhouse,East Metro,"1,904",27.2,82.2%,1.96,0.49,240.8,0.00,1.96,0,0,Moderate
REC-0582,HH-159,2026-01-12 07:00,2026-01-12,7,Monday,0,2,Townhouse,East Metro,"1,904",30.9,80.5%,2.50,0.63,240.6,0.00,2.50,0,0,Moderate
REC-0583,HH-159,2026-01-14 13:00,2026-01-14,13,Wednesday,0,2,Townhouse,East Metro,"1,904",44.7,70.6%,1.32,0.33,241.0,3.69,-2.37,0,0,Low
REC-0584,HH-159,2026-01-14 18:00,2026-01-14,18,Wednesday,0,2,Townhouse,East Metro,"1,904",39.4,70.1%,2.97,0.74,240.4,0.00,2.97,1,0,Moderate
REC-0585,HH-159,2026-01-17 11:00,2026-01-17,11,Saturday,1,2,Townhouse,East Metro,"1,904",49.1,63.5%,1.60,0.40,240.9,2.82,-1.22,0,0,Moderate
REC-0586,HH-159,2026-01-17 19:00,2026-01-17,19,Saturday,1,2,Townhouse,East Metro,"1,904",42.1,70.3%,3.03,0.76,240.4,0.00,3.03,1,0,Moderate
REC-0587,HH-159,2026-02-03 08:00,2026-02-03,8,Tuesday,0,2,Townhouse,East Metro,"1,904",31.5,80.0%,2.80,0.70,240.5,0.00,2.80,0,0,Moderate
REC-0588,HH-159,2026-02-08 14:00,2026-02-08,14,Sunday,1,2,Townhouse,East Metro,"1,904",53.3,63.8%,1.79,0.45,240.8,3.98,-2.19,0,0,Moderate
REC-0589,HH-159,2026-02-19 20:00,2026-02-19,20,Thursday,0,2,Townhouse,East Metro,"1,904",45.2,65.4%,2.89,0.72,240.5,0.00,2.89,1,0,Moderate
REC-0590,HH-159,2026-03-05 23:00,2026-03-05,23,Thursday,0,2,Townhouse,East Metro,"1,904",49.3,63.4%,1.16,0.29,241.0,0.00,1.16,0,0,Low
REC-0591,HH-160,2026-01-12 03:00,2026-01-12,3,Monday,0,4,Duplex,South Valley,"2,023",30.9,79.3%,2.01,0.54,241.0,0.00,2.01,0,0,Moderate
REC-0592,HH-160,2026-01-12 07:00,2026-01-12,7,Monday,0,4,Duplex,South Valley,"2,023",34.6,77.5%,3.58,0.97,240.5,0.00,3.58,0,0,High
REC-0593,HH-160,2026-01-14 13:00,2026-01-14,13,Wednesday,0,4,Duplex,South Valley,"2,023",48.4,67.7%,1.62,0.44,241.1,0.00,1.62,0,0,Moderate
REC-0594,HH-160,2026-01-14 18:00,2026-01-14,18,Wednesday,0,4,Duplex,South Valley,"2,023",40.3,69.4%,3.93,1.06,240.3,0.00,3.93,1,0,High
REC-0595,HH-160,2026-01-17 11:00,2026-01-17,11,Saturday,1,4,Duplex,South Valley,"2,023",50.0,62.8%,2.17,0.59,240.9,0.00,2.17,0,0,Moderate
REC-0596,HH-160,2026-01-17 19:00,2026-01-17,19,Saturday,1,4,Duplex,South Valley,"2,023",43.0,69.6%,4.01,1.08,240.3,0.00,4.01,1,0,High
REC-0597,HH-160,2026-02-03 08:00,2026-02-03,8,Tuesday,0,4,Duplex,South Valley,"2,023",35.2,77.0%,3.36,0.91,240.5,0.00,3.36,0,0,High
REC-0598,HH-160,2026-02-08 14:00,2026-02-08,14,Sunday,1,4,Duplex,South Valley,"2,023",57.0,60.8%,2.43,0.66,240.8,0.00,2.43,0,0,Moderate
REC-0599,HH-160,2026-02-19 20:00,2026-02-19,20,Thursday,0,4,Duplex,South Valley,"2,023",48.9,62.5%,11.50,3.11,202.4,0.00,11.50,1,1,Critical Peak
REC-0600,HH-160,2026-03-05 23:00,2026-03-05,23,Thursday,0,4,Duplex,South Valley,"2,023",53.0,60.4%,1.47,0.40,241.1,0.00,1.47,0,0,Low
REC-0601,HH-161,2026-01-12 03:00,2026-01-12,3,Monday,0,3,Single Family,North District,"3,420",20.8,87.4%,2.49,0.47,240.4,0.00,2.49,0,0,Moderate
REC-0602,HH-161,2026-01-12 07:00,2026-01-12,7,Monday,0,3,Single Family,North District,"3,420",24.5,85.6%,4.19,0.80,239.9,0.00,4.19,0,0,High
REC-0603,HH-161,2026-01-14 13:00,2026-01-14,13,Wednesday,0,3,Single Family,North District,"3,420",38.3,75.8%,2.71,0.51,240.3,3.69,-0.98,0,0,Moderate
REC-0604,HH-161,2026-01-14 18:00,2026-01-14,18,Wednesday,0,3,Single Family,North District,"3,420",33.0,75.2%,4.49,0.85,239.8,0.00,4.49,1,0,High
REC-0605,HH-161,2026-01-17 11:00,2026-01-17,11,Saturday,1,3,Single Family,North District,"3,420",42.7,68.6%,2.63,0.50,240.4,2.82,-0.19,0,0,Moderate
REC-0606,HH-161,2026-01-17 19:00,2026-01-17,19,Saturday,1,3,Single Family,North District,"3,420",35.7,75.4%,0.08,0.02,268.1,0.00,0.08,1,1,Critical Peak
REC-0607,HH-161,2026-02-03 08:00,2026-02-03,8,Tuesday,0,3,Single Family,North District,"3,420",27.9,82.9%,3.85,0.73,240.0,0.00,3.85,0,0,High
REC-0608,HH-161,2026-02-08 14:00,2026-02-08,14,Sunday,1,3,Single Family,North District,"3,420",46.9,68.9%,2.70,0.51,240.3,3.98,-1.28,0,0,Moderate
REC-0609,HH-161,2026-02-19 20:00,2026-02-19,20,Thursday,0,3,Single Family,North District,"3,420",38.8,70.6%,4.37,0.83,239.8,0.00,4.37,1,0,High
REC-0610,HH-161,2026-03-05 23:00,2026-03-05,23,Thursday,0,3,Single Family,North District,"3,420",42.9,68.5%,1.85,0.35,240.6,0.00,1.85,0,0,Moderate
REC-0611,HH-162,2026-01-12 03:00,2026-01-12,3,Monday,0,2,Apartment,West Hills,969,24.5,84.4%,1.80,0.38,240.8,0.00,1.80,0,0,Moderate
REC-0612,HH-162,2026-01-12 07:00,2026-01-12,7,Monday,0,2,Apartment,West Hills,969,28.2,82.6%,2.65,0.56,240.6,0.00,2.65,0,0,Moderate
REC-0613,HH-162,2026-01-14 13:00,2026-01-14,13,Wednesday,0,2,Apartment,West Hills,969,42.0,72.8%,1.59,0.33,240.9,0.00,1.59,0,0,Low
REC-0614,HH-162,2026-01-14 18:00,2026-01-14,18,Wednesday,0,2,Apartment,West Hills,969,36.7,72.2%,2.98,0.63,240.4,0.00,2.98,1,0,Moderate
REC-0615,HH-162,2026-01-17 11:00,2026-01-17,11,Saturday,1,2,Apartment,West Hills,969,43.6,67.9%,1.38,0.29,241.0,0.00,1.38,0,0,Low
REC-0616,HH-162,2026-01-17 19:00,2026-01-17,19,Saturday,1,2,Apartment,West Hills,969,36.6,74.7%,2.59,0.54,240.6,0.00,2.59,1,0,Moderate
REC-0617,HH-162,2026-02-03 08:00,2026-02-03,8,Tuesday,0,2,Apartment,West Hills,969,28.8,82.2%,2.39,0.50,240.6,0.00,2.39,0,0,Moderate
REC-0618,HH-162,2026-02-08 14:00,2026-02-08,14,Sunday,1,2,Apartment,West Hills,969,50.6,65.9%,1.30,0.27,241.0,0.00,1.30,0,0,Low
REC-0619,HH-162,2026-02-19 20:00,2026-02-19,20,Thursday,0,2,Apartment,West Hills,969,42.5,67.6%,2.36,0.50,240.6,0.00,2.36,1,0,Moderate
REC-0620,HH-162,2026-03-05 23:00,2026-03-05,23,Thursday,0,2,Apartment,West Hills,969,46.6,65.5%,0.94,0.20,241.1,0.00,0.94,0,0,Low
REC-0621,HH-163,2026-01-12 03:00,2026-01-12,3,Monday,0,2,Townhouse,East Metro,"1,756",29.2,80.6%,1.65,0.38,241.1,0.00,1.65,0,0,Moderate
REC-0622,HH-163,2026-01-12 07:00,2026-01-12,7,Monday,0,2,Townhouse,East Metro,"1,756",30.1,81.1%,2.83,0.65,240.7,0.00,2.83,0,0,Moderate
REC-0623,HH-163,2026-01-14 13:00,2026-01-14,13,Wednesday,0,2,Townhouse,East Metro,"1,756",43.9,71.3%,1.67,0.38,241.1,3.69,-2.02,0,0,Moderate
REC-0624,HH-163,2026-01-14 18:00,2026-01-14,18,Wednesday,0,2,Townhouse,East Metro,"1,756",38.6,70.7%,3.28,0.75,240.6,0.00,3.28,1,0,High
REC-0625,HH-163,2026-01-17 11:00,2026-01-17,11,Saturday,1,2,Townhouse,East Metro,"1,756",48.3,64.2%,1.94,0.45,241.0,2.82,-0.88,0,0,Moderate
REC-0626,HH-163,2026-01-17 19:00,2026-01-17,19,Saturday,1,2,Townhouse,East Metro,"1,756",41.3,71.0%,2.78,0.64,240.7,0.00,2.78,1,0,Moderate
REC-0627,HH-163,2026-02-03 08:00,2026-02-03,8,Tuesday,0,2,Townhouse,East Metro,"1,756",33.5,78.4%,2.45,0.56,240.8,0.00,2.45,0,0,Moderate
REC-0628,HH-163,2026-02-08 14:00,2026-02-08,14,Sunday,1,2,Townhouse,East Metro,"1,756",55.3,62.2%,1.54,0.35,241.1,3.98,-2.44,0,0,Low
REC-0629,HH-163,2026-02-19 20:00,2026-02-19,20,Thursday,0,2,Townhouse,East Metro,"1,756",44.4,66.1%,2.64,0.61,240.8,0.00,2.64,1,0,Moderate
REC-0630,HH-163,2026-03-05 23:00,2026-03-05,23,Thursday,0,2,Townhouse,East Metro,"1,756",48.5,64.0%,0.97,0.22,241.3,0.00,0.97,0,0,Low
REC-0631,HH-164,2026-01-12 03:00,2026-01-12,3,Monday,0,2,Duplex,South Valley,"1,761",30.1,79.9%,1.56,0.39,240.7,0.00,1.56,0,0,Low
REC-0632,HH-164,2026-01-12 07:00,2026-01-12,7,Monday,0,2,Duplex,South Valley,"1,761",33.8,78.2%,2.61,0.65,240.4,0.00,2.61,0,0,Moderate
REC-0633,HH-164,2026-01-14 13:00,2026-01-14,13,Wednesday,0,2,Duplex,South Valley,"1,761",47.6,68.3%,1.46,0.37,240.7,0.00,1.46,0,0,Low
REC-0634,HH-164,2026-01-14 18:00,2026-01-14,18,Wednesday,0,2,Duplex,South Valley,"1,761",42.3,67.8%,3.06,0.77,240.2,0.00,3.06,1,0,Moderate
REC-0635,HH-164,2026-01-17 11:00,2026-01-17,11,Saturday,1,2,Duplex,South Valley,"1,761",52.0,61.2%,1.81,0.45,240.6,0.00,1.81,0,0,Moderate
REC-0636,HH-164,2026-01-17 19:00,2026-01-17,19,Saturday,1,2,Duplex,South Valley,"1,761",42.2,70.2%,3.24,0.81,240.2,0.00,3.24,1,0,High
REC-0637,HH-164,2026-02-03 08:00,2026-02-03,8,Tuesday,0,2,Duplex,South Valley,"1,761",34.4,77.7%,12.30,3.08,202.4,0.00,12.30,0,1,Critical Peak
REC-0638,HH-164,2026-02-08 14:00,2026-02-08,14,Sunday,1,2,Duplex,South Valley,"1,761",56.2,61.4%,1.49,0.37,240.7,0.00,1.49,0,0,Low
REC-0639,HH-164,2026-02-19 20:00,2026-02-19,20,Thursday,0,2,Duplex,South Valley,"1,761",48.1,63.1%,2.43,0.61,240.4,0.00,2.43,1,0,Moderate
REC-0640,HH-164,2026-03-05 23:00,2026-03-05,23,Thursday,0,2,Duplex,South Valley,"1,761",52.2,61.0%,0.85,0.21,240.9,0.00,0.85,0,0,Low
REC-0641,HH-165,2026-01-12 03:00,2026-01-12,3,Monday,0,4,Single Family,North District,"2,568",22.8,85.8%,2.20,0.59,240.7,0.00,2.20,0,0,Moderate
REC-0642,HH-165,2026-01-12 07:00,2026-01-12,7,Monday,0,4,Single Family,North District,"2,568",26.5,84.0%,3.91,1.06,240.1,0.00,3.91,0,0,High
REC-0643,HH-165,2026-01-14 13:00,2026-01-14,13,Wednesday,0,4,Single Family,North District,"2,568",37.5,76.4%,2.55,0.69,240.6,3.69,-1.14,0,0,Moderate
REC-0644,HH-165,2026-01-14 18:00,2026-01-14,18,Wednesday,0,4,Single Family,North District,"2,568",32.2,75.8%,4.90,1.32,239.8,0.00,4.90,1,0,High
REC-0645,HH-165,2026-01-17 11:00,2026-01-17,11,Saturday,1,4,Single Family,North District,"2,568",41.9,69.3%,3.03,0.82,240.4,2.82,0.21,0,0,Moderate
REC-0646,HH-165,2026-01-17 19:00,2026-01-17,19,Saturday,1,4,Single Family,North District,"2,568",34.9,76.1%,4.99,1.35,239.8,0.00,4.99,1,0,High
REC-0647,HH-165,2026-02-03 08:00,2026-02-03,8,Tuesday,0,4,Single Family,North District,"2,568",27.1,83.5%,4.25,1.15,240.0,0.00,4.25,0,0,High
REC-0648,HH-165,2026-02-08 14:00,2026-02-08,14,Sunday,1,4,Single Family,North District,"2,568",48.9,67.3%,2.43,0.66,240.6,3.98,-1.55,0,0,Moderate
REC-0649,HH-165,2026-02-19 20:00,2026-02-19,20,Thursday,0,4,Single Family,North District,"2,568",40.8,69.0%,4.10,1.11,240.1,0.00,4.10,1,0,High
REC-0650,HH-165,2026-03-05 23:00,2026-03-05,23,Thursday,0,4,Single Family,North District,"2,568",42.1,69.1%,1.69,0.46,240.9,0.00,1.69,0,0,Moderate
REC-0651,HH-166,2026-01-12 03:00,2026-01-12,3,Monday,0,2,Apartment,West Hills,785,23.7,85.0%,1.60,0.30,241.1,0.00,1.60,0,0,Moderate
REC-0652,HH-166,2026-01-12 07:00,2026-01-12,7,Monday,0,2,Apartment,West Hills,785,27.4,83.3%,2.42,0.46,240.8,0.00,2.42,0,0,Moderate
REC-0653,HH-166,2026-01-14 13:00,2026-01-14,13,Wednesday,0,2,Apartment,West Hills,785,41.2,73.4%,1.38,0.26,241.2,0.00,1.38,0,0,Low
REC-0654,HH-166,2026-01-14 18:00,2026-01-14,18,Wednesday,0,2,Apartment,West Hills,785,35.9,72.9%,2.71,0.51,240.7,0.00,2.71,1,0,Moderate
REC-0655,HH-166,2026-01-17 11:00,2026-01-17,11,Saturday,1,2,Apartment,West Hills,785,45.6,66.3%,1.57,0.30,241.1,0.00,1.57,0,0,Low
REC-0656,HH-166,2026-01-17 19:00,2026-01-17,19,Saturday,1,2,Apartment,West Hills,785,38.6,73.1%,2.75,0.52,240.7,0.00,2.75,1,0,Moderate
REC-0657,HH-166,2026-02-03 08:00,2026-02-03,8,Tuesday,0,2,Apartment,West Hills,785,28.0,82.8%,2.70,0.51,240.7,0.00,2.70,0,0,Moderate
REC-0658,HH-166,2026-02-08 14:00,2026-02-08,14,Sunday,1,2,Apartment,West Hills,785,49.8,66.6%,1.59,0.30,241.1,0.00,1.59,0,0,Low
REC-0659,HH-166,2026-02-19 20:00,2026-02-19,20,Thursday,0,2,Apartment,West Hills,785,41.7,68.2%,2.09,0.40,240.9,0.00,2.09,1,0,Moderate
REC-0660,HH-166,2026-03-05 23:00,2026-03-05,23,Thursday,0,2,Apartment,West Hills,785,45.8,66.2%,0.74,0.14,241.4,0.00,0.74,0,0,Low
REC-0661,HH-167,2026-01-12 03:00,2026-01-12,3,Monday,0,2,Townhouse,East Metro,"1,608",28.4,81.3%,1.46,0.31,240.7,0.00,1.46,0,0,Low
REC-0662,HH-167,2026-01-12 07:00,2026-01-12,7,Monday,0,2,Townhouse,East Metro,"1,608",32.1,79.5%,2.48,0.52,240.4,0.00,2.48,0,0,Moderate
REC-0663,HH-167,2026-01-14 13:00,2026-01-14,13,Wednesday,0,2,Townhouse,East Metro,"1,608",45.9,69.7%,1.34,0.28,240.8,3.69,-2.35,0,0,Low
REC-0664,HH-167,2026-01-14 18:00,2026-01-14,18,Wednesday,0,2,Townhouse,East Metro,"1,608",37.8,71.4%,3.03,0.64,240.2,0.00,3.03,1,0,Moderate
REC-0665,HH-167,2026-01-17 11:00,2026-01-17,11,Saturday,1,2,Townhouse,East Metro,"1,608",47.5,64.8%,1.72,0.36,240.6,2.82,-1.10,0,0,Moderate
REC-0666,HH-167,2026-01-17 19:00,2026-01-17,19,Saturday,1,2,Townhouse,East Metro,"1,608",40.5,71.6%,3.08,0.65,240.2,0.00,3.08,1,0,Moderate
REC-0667,HH-167,2026-02-03 08:00,2026-02-03,8,Tuesday,0,2,Townhouse,East Metro,"1,608",32.7,79.0%,2.77,0.58,240.3,0.00,2.77,0,0,Moderate
REC-0668,HH-167,2026-02-08 14:00,2026-02-08,14,Sunday,1,2,Townhouse,East Metro,"1,608",54.5,62.8%,0.08,0.02,268.1,3.98,-3.90,0,1,Critical Peak
REC-0669,HH-167,2026-02-19 20:00,2026-02-19,20,Thursday,0,2,Townhouse,East Metro,"1,608",46.4,64.5%,2.82,0.59,240.3,0.00,2.82,1,0,Moderate
REC-0670,HH-167,2026-03-05 23:00,2026-03-05,23,Thursday,0,2,Townhouse,East Metro,"1,608",50.5,62.4%,0.67,0.14,241.0,0.00,0.67,0,0,Low
REC-0671,HH-168,2026-01-12 03:00,2026-01-12,3,Monday,0,3,Duplex,South Valley,"2,149",29.3,80.6%,1.57,0.36,240.9,0.00,1.57,0,0,Low
REC-0672,HH-168,2026-01-12 07:00,2026-01-12,7,Monday,0,3,Duplex,South Valley,"2,149",33.0,78.8%,2.95,0.68,240.5,0.00,2.95,0,0,Moderate
REC-0673,HH-168,2026-01-14 13:00,2026-01-14,13,Wednesday,0,3,Duplex,South Valley,"2,149",46.8,69.0%,1.63,0.37,240.9,0.00,1.63,0,0,Moderate
REC-0674,HH-168,2026-01-14 18:00,2026-01-14,18,Wednesday,0,3,Duplex,South Valley,"2,149",41.5,68.4%,3.61,0.83,240.2,0.00,3.61,1,0,High
REC-0675,HH-168,2026-01-17 11:00,2026-01-17,11,Saturday,1,3,Duplex,South Valley,"2,149",51.2,61.8%,2.06,0.47,240.7,0.00,2.06,0,0,Moderate
REC-0676,HH-168,2026-01-17 19:00,2026-01-17,19,Saturday,1,3,Duplex,South Valley,"2,149",44.2,68.6%,3.68,0.85,240.2,0.00,3.68,1,0,High
REC-0677,HH-168,2026-02-03 08:00,2026-02-03,8,Tuesday,0,3,Duplex,South Valley,"2,149",36.4,76.1%,3.14,0.72,240.4,0.00,3.14,0,0,Moderate
REC-0678,HH-168,2026-02-08 14:00,2026-02-08,14,Sunday,1,3,Duplex,South Valley,"2,149",55.4,62.1%,2.30,0.53,240.7,0.00,2.30,0,0,Moderate
REC-0679,HH-168,2026-02-19 20:00,2026-02-19,20,Thursday,0,3,Duplex,South Valley,"2,149",47.3,63.8%,3.50,0.81,240.3,0.00,3.50,1,0,High
REC-0680,HH-168,2026-03-05 23:00,2026-03-05,23,Thursday,0,3,Duplex,South Valley,"2,149",51.4,61.7%,1.47,0.34,240.9,0.00,1.47,0,0,Low
REC-0681,HH-169,2026-01-12 03:00,2026-01-12,3,Monday,0,5,Single Family,North District,"3,116",22.0,86.4%,2.24,0.56,240.9,0.00,2.24,0,0,Moderate
REC-0682,HH-169,2026-01-12 07:00,2026-01-12,7,Monday,0,5,Single Family,North District,"3,116",25.7,84.6%,4.31,1.08,240.2,0.00,4.31,0,0,High
REC-0683,HH-169,2026-01-14 13:00,2026-01-14,13,Wednesday,0,5,Single Family,North District,"3,116",39.5,74.8%,2.65,0.66,240.8,3.69,-1.04,0,0,Moderate
REC-0684,HH-169,2026-01-14 18:00,2026-01-14,18,Wednesday,0,5,Single Family,North District,"3,116",34.2,74.2%,5.40,1.35,239.9,0.00,5.40,1,0,Critical Peak
REC-0685,HH-169,2026-01-17 11:00,2026-01-17,11,Saturday,1,5,Single Family,North District,"3,116",41.1,69.9%,3.36,0.84,240.5,2.82,0.54,0,0,High
REC-0686,HH-169,2026-01-17 19:00,2026-01-17,19,Saturday,1,5,Single Family,North District,"3,116",34.1,76.7%,5.64,1.41,239.8,0.00,5.64,1,0,Critical Peak
REC-0687,HH-169,2026-02-03 08:00,2026-02-03,8,Tuesday,0,5,Single Family,North District,"3,116",26.3,84.2%,4.67,1.17,240.1,0.00,4.67,0,0,High
REC-0688,HH-169,2026-02-08 14:00,2026-02-08,14,Sunday,1,5,Single Family,North District,"3,116",48.1,67.9%,3.33,0.83,240.5,3.98,-0.65,0,0,High
REC-0689,HH-169,2026-02-19 20:00,2026-02-19,20,Thursday,0,5,Single Family,North District,"3,116",40.0,69.6%,5.25,1.31,239.9,0.00,5.25,1,0,Critical Peak
REC-0690,HH-169,2026-03-05 23:00,2026-03-05,23,Thursday,0,5,Single Family,North District,"3,116",44.1,67.5%,2.24,0.56,240.9,0.00,2.24,0,0,Moderate
REC-0691,HH-170,2026-01-12 03:00,2026-01-12,3,Monday,0,2,Apartment,West Hills,"1,101",25.7,83.4%,1.91,0.52,240.6,0.00,1.91,0,0,Moderate
REC-0692,HH-170,2026-01-12 07:00,2026-01-12,7,Monday,0,2,Apartment,West Hills,"1,101",26.6,83.9%,2.38,0.64,240.4,0.00,2.38,0,0,Moderate
REC-0693,HH-170,2026-01-14 13:00,2026-01-14,13,Wednesday,0,2,Apartment,West Hills,"1,101",40.4,74.1%,1.30,0.35,240.8,0.00,1.30,0,0,Low
REC-0694,HH-170,2026-01-14 18:00,2026-01-14,18,Wednesday,0,2,Apartment,West Hills,"1,101",35.1,73.5%,2.72,0.73,240.3,0.00,2.72,1,0,Moderate
REC-0695,HH-170,2026-01-17 11:00,2026-01-17,11,Saturday,1,2,Apartment,West Hills,"1,101",44.8,67.0%,1.52,0.41,240.7,0.00,1.52,0,0,Low
REC-0696,HH-170,2026-01-17 19:00,2026-01-17,19,Saturday,1,2,Apartment,West Hills,"1,101",37.8,73.8%,2.76,0.75,240.3,0.00,2.76,1,0,Moderate
REC-0697,HH-170,2026-02-03 08:00,2026-02-03,8,Tuesday,0,2,Apartment,West Hills,"1,101",30.0,81.2%,2.54,0.69,240.4,0.00,2.54,0,0,Moderate
REC-0698,HH-170,2026-02-08 14:00,2026-02-08,14,Sunday,1,2,Apartment,West Hills,"1,101",51.8,65.0%,1.50,0.41,240.7,0.00,1.50,0,0,Low
REC-0699,HH-170,2026-02-19 20:00,2026-02-19,20,Thursday,0,2,Apartment,West Hills,"1,101",40.9,68.9%,12.50,3.38,202.4,0.00,12.50,1,1,Critical Peak
REC-0700,HH-170,2026-03-05 23:00,2026-03-05,23,Thursday,0,2,Apartment,West Hills,"1,101",45.0,66.8%,1.19,0.32,240.8,0.00,1.19,0,0,Low
REC-0701,HH-171,2026-01-12 03:00,2026-01-12,3,Monday,0,2,Townhouse,East Metro,"1,460",27.6,81.9%,1.83,0.35,240.8,0.00,1.83,0,0,Moderate
REC-0702,HH-171,2026-01-12 07:00,2026-01-12,7,Monday,0,2,Townhouse,East Metro,"1,460",31.3,80.2%,2.81,0.53,240.5,0.00,2.81,0,0,Moderate
REC-0703,HH-171,2026-01-14 13:00,2026-01-14,13,Wednesday,0,2,Townhouse,East Metro,"1,460",45.1,70.3%,1.14,0.22,241.0,3.69,-2.55,0,0,Low
REC-0704,HH-171,2026-01-14 18:00,2026-01-14,18,Wednesday,0,2,Townhouse,East Metro,"1,460",39.8,69.8%,2.66,0.51,240.5,0.00,2.66,1,0,Moderate
REC-0705,HH-171,2026-01-17 11:00,2026-01-17,11,Saturday,1,2,Townhouse,East Metro,"1,460",49.5,63.2%,1.38,0.26,241.0,2.82,-1.44,0,0,Low
REC-0706,HH-171,2026-01-17 19:00,2026-01-17,19,Saturday,1,2,Townhouse,East Metro,"1,460",39.7,72.2%,0.08,0.02,268.1,0.00,0.08,1,1,Critical Peak
REC-0707,HH-171,2026-02-03 08:00,2026-02-03,8,Tuesday,0,2,Townhouse,East Metro,"1,460",31.9,79.7%,2.55,0.48,240.6,0.00,2.55,0,0,Moderate
REC-0708,HH-171,2026-02-08 14:00,2026-02-08,14,Sunday,1,2,Townhouse,East Metro,"1,460",53.7,63.4%,1.58,0.30,240.9,3.98,-2.40,0,0,Low
REC-0709,HH-171,2026-02-19 20:00,2026-02-19,20,Thursday,0,2,Townhouse,East Metro,"1,460",45.6,65.1%,2.58,0.49,240.6,0.00,2.58,1,0,Moderate
REC-0710,HH-171,2026-03-05 23:00,2026-03-05,23,Thursday,0,2,Townhouse,East Metro,"1,460",49.7,63.0%,1.01,0.19,241.1,0.00,1.01,0,0,Low
REC-0711,HH-172,2026-01-12 03:00,2026-01-12,3,Monday,0,4,Duplex,South Valley,"1,887",31.3,79.0%,1.92,0.40,241.0,0.00,1.92,0,0,Moderate
REC-0712,HH-172,2026-01-12 07:00,2026-01-12,7,Monday,0,4,Duplex,South Valley,"1,887",35.0,77.2%,3.46,0.73,240.5,0.00,3.46,0,0,High
REC-0713,HH-172,2026-01-14 13:00,2026-01-14,13,Wednesday,0,4,Duplex,South Valley,"1,887",46.0,69.6%,2.19,0.46,240.9,0.00,2.19,0,0,Moderate
REC-0714,HH-172,2026-01-14 18:00,2026-01-14,18,Wednesday,0,4,Duplex,South Valley,"1,887",40.7,69.0%,3.79,0.80,240.4,0.00,3.79,1,0,High
REC-0715,HH-172,2026-01-17 11:00,2026-01-17,11,Saturday,1,4,Duplex,South Valley,"1,887",50.4,62.5%,2.07,0.43,240.9,0.00,2.07,0,0,Moderate
REC-0716,HH-172,2026-01-17 19:00,2026-01-17,19,Saturday,1,4,Duplex,South Valley,"1,887",43.4,69.3%,3.87,0.81,240.4,0.00,3.87,1,0,High
REC-0717,HH-172,2026-02-03 08:00,2026-02-03,8,Tuesday,0,4,Duplex,South Valley,"1,887",35.6,76.7%,3.24,0.68,240.6,0.00,3.24,0,0,High
REC-0718,HH-172,2026-02-08 14:00,2026-02-08,14,Sunday,1,4,Duplex,South Valley,"1,887",57.4,60.5%,2.33,0.49,240.9,0.00,2.33,0,0,Moderate
REC-0719,HH-172,2026-02-19 20:00,2026-02-19,20,Thursday,0,4,Duplex,South Valley,"1,887",49.3,62.2%,3.55,0.75,240.5,0.00,3.55,1,0,High
REC-0720,HH-172,2026-03-05 23:00,2026-03-05,23,Thursday,0,4,Duplex,South Valley,"1,887",50.6,62.3%,1.39,0.29,241.2,0.00,1.39,0,0,Low
REC-0721,HH-173,2026-01-12 03:00,2026-01-12,3,Monday,0,3,Single Family,North District,"2,264",21.2,87.0%,2.25,0.52,240.5,0.00,2.25,0,0,Moderate
REC-0722,HH-173,2026-01-12 07:00,2026-01-12,7,Monday,0,3,Single Family,North District,"2,264",24.9,85.3%,3.66,0.84,240.0,0.00,3.66,0,0,High
REC-0723,HH-173,2026-01-14 13:00,2026-01-14,13,Wednesday,0,3,Single Family,North District,"2,264",38.7,75.4%,2.33,0.54,240.5,3.69,-1.36,0,0,Moderate
REC-0724,HH-173,2026-01-14 18:00,2026-01-14,18,Wednesday,0,3,Single Family,North District,"2,264",33.4,74.9%,4.33,1.00,239.8,0.00,4.33,1,0,High
REC-0725,HH-173,2026-01-17 11:00,2026-01-17,11,Saturday,1,3,Single Family,North District,"2,264",43.1,68.3%,2.16,0.50,240.5,2.82,-0.66,0,0,Moderate
REC-0726,HH-173,2026-01-17 19:00,2026-01-17,19,Saturday,1,3,Single Family,North District,"2,264",36.1,75.1%,3.86,0.89,240.0,0.00,3.86,1,0,High
REC-0727,HH-173,2026-02-03 08:00,2026-02-03,8,Tuesday,0,3,Single Family,North District,"2,264",25.5,84.8%,3.43,0.79,240.1,0.00,3.43,0,0,High
REC-0728,HH-173,2026-02-08 14:00,2026-02-08,14,Sunday,1,3,Single Family,North District,"2,264",47.3,68.6%,2.21,0.51,240.5,3.98,-1.77,0,0,Moderate
REC-0729,HH-173,2026-02-19 20:00,2026-02-19,20,Thursday,0,3,Single Family,North District,"2,264",39.2,70.2%,3.68,0.85,240.0,0.00,3.68,1,0,High
REC-0730,HH-173,2026-03-05 23:00,2026-03-05,23,Thursday,0,3,Single Family,North District,"2,264",43.3,68.2%,1.54,0.35,240.7,0.00,1.54,0,0,Low
REC-0731,HH-174,2026-01-12 03:00,2026-01-12,3,Monday,0,2,Apartment,West Hills,917,24.9,84.1%,1.72,0.43,240.8,0.00,1.72,0,0,Moderate
REC-0732,HH-174,2026-01-12 07:00,2026-01-12,7,Monday,0,2,Apartment,West Hills,917,28.6,82.3%,2.56,0.64,240.6,0.00,2.56,0,0,Moderate
REC-0733,HH-174,2026-01-14 13:00,2026-01-14,13,Wednesday,0,2,Apartment,West Hills,917,42.4,72.5%,1.51,0.38,240.9,0.00,1.51,0,0,Low
REC-0734,HH-174,2026-01-14 18:00,2026-01-14,18,Wednesday,0,2,Apartment,West Hills,917,34.3,74.2%,3.01,0.75,240.4,0.00,3.01,1,0,Moderate
REC-0735,HH-174,2026-01-17 11:00,2026-01-17,11,Saturday,1,2,Apartment,West Hills,917,44.0,67.6%,1.84,0.46,240.8,0.00,1.84,0,0,Moderate
REC-0736,HH-174,2026-01-17 19:00,2026-01-17,19,Saturday,1,2,Apartment,West Hills,917,37.0,74.4%,2.50,0.63,240.6,0.00,2.50,1,0,Moderate
REC-0737,HH-174,2026-02-03 08:00,2026-02-03,8,Tuesday,0,2,Apartment,West Hills,917,29.2,81.8%,13.30,3.33,202.4,0.00,13.30,0,1,Critical Peak
REC-0738,HH-174,2026-02-08 14:00,2026-02-08,14,Sunday,1,2,Apartment,West Hills,917,51.0,65.6%,1.23,0.31,241.0,0.00,1.23,0,0,Low
REC-0739,HH-174,2026-02-19 20:00,2026-02-19,20,Thursday,0,2,Apartment,West Hills,917,42.9,67.3%,2.26,0.57,240.7,0.00,2.26,1,0,Moderate
REC-0740,HH-174,2026-03-05 23:00,2026-03-05,23,Thursday,0,2,Apartment,West Hills,917,47.0,65.2%,0.87,0.22,241.1,0.00,0.87,0,0,Low
REC-0741,HH-175,2026-01-12 03:00,2026-01-12,3,Monday,0,2,Townhouse,East Metro,"1,912",26.8,82.6%,1.73,0.47,241.0,0.00,1.73,0,0,Moderate
REC-0742,HH-175,2026-01-12 07:00,2026-01-12,7,Monday,0,2,Townhouse,East Metro,"1,912",30.5,80.8%,2.82,0.76,240.7,0.00,2.82,0,0,Moderate
REC-0743,HH-175,2026-01-14 13:00,2026-01-14,13,Wednesday,0,2,Townhouse,East Metro,"1,912",44.3,71.0%,1.64,0.44,241.1,3.69,-2.05,0,0,Moderate
REC-0744,HH-175,2026-01-14 18:00,2026-01-14,18,Wednesday,0,2,Townhouse,East Metro,"1,912",39.0,70.4%,3.30,0.89,240.5,0.00,3.30,1,0,High
REC-0745,HH-175,2026-01-17 11:00,2026-01-17,11,Saturday,1,2,Townhouse,East Metro,"1,912",48.7,63.8%,1.93,0.52,241.0,2.82,-0.89,0,0,Moderate
REC-0746,HH-175,2026-01-17 19:00,2026-01-17,19,Saturday,1,2,Townhouse,East Metro,"1,912",41.7,70.6%,3.35,0.90,240.5,0.00,3.35,1,0,High
REC-0747,HH-175,2026-02-03 08:00,2026-02-03,8,Tuesday,0,2,Townhouse,East Metro,"1,912",33.9,78.1%,2.44,0.66,240.8,0.00,2.44,0,0,Moderate
REC-0748,HH-175,2026-02-08 14:00,2026-02-08,14,Sunday,1,2,Townhouse,East Metro,"1,912",52.9,64.1%,1.54,0.42,241.1,3.98,-2.44,0,0,Low
REC-0749,HH-175,2026-02-19 20:00,2026-02-19,20,Thursday,0,2,Townhouse,East Metro,"1,912",44.8,65.8%,2.66,0.72,240.7,0.00,2.66,1,0,Moderate
REC-0750,HH-175,2026-03-05 23:00,2026-03-05,23,Thursday,0,2,Townhouse,East Metro,"1,912",48.9,63.7%,0.93,0.25,241.3,0.00,0.93,0,0,Low
REC-0751,HH-176,2026-01-12 03:00,2026-01-12,3,Monday,0,2,Duplex,South Valley,"1,625",30.5,79.6%,1.47,0.28,240.7,0.00,1.47,0,0,Low
REC-0752,HH-176,2026-01-12 07:00,2026-01-12,7,Monday,0,2,Duplex,South Valley,"1,625",34.2,77.8%,2.49,0.47,240.4,0.00,2.49,0,0,Moderate
REC-0753,HH-176,2026-01-14 13:00,2026-01-14,13,Wednesday,0,2,Duplex,South Valley,"1,625",48.0,68.0%,1.35,0.26,240.8,0.00,1.35,0,0,Low
REC-0754,HH-176,2026-01-14 18:00,2026-01-14,18,Wednesday,0,2,Duplex,South Valley,"1,625",42.7,67.4%,2.92,0.55,240.3,0.00,2.92,1,0,Moderate
REC-0755,HH-176,2026-01-17 11:00,2026-01-17,11,Saturday,1,2,Duplex,South Valley,"1,625",49.6,63.1%,1.74,0.33,240.6,0.00,1.74,0,0,Moderate
REC-0756,HH-176,2026-01-17 19:00,2026-01-17,19,Saturday,1,2,Duplex,South Valley,"1,625",42.6,69.9%,3.10,0.59,240.2,0.00,3.10,1,0,Moderate
REC-0757,HH-176,2026-02-03 08:00,2026-02-03,8,Tuesday,0,2,Duplex,South Valley,"1,625",34.8,77.4%,2.79,0.53,240.3,0.00,2.79,0,0,Moderate
REC-0758,HH-176,2026-02-08 14:00,2026-02-08,14,Sunday,1,2,Duplex,South Valley,"1,625",56.6,61.1%,1.39,0.26,240.8,0.00,1.39,0,0,Low
REC-0759,HH-176,2026-02-19 20:00,2026-02-19,20,Thursday,0,2,Duplex,South Valley,"1,625",48.5,62.8%,2.29,0.44,240.5,0.00,2.29,1,0,Moderate
REC-0760,HH-176,2026-03-05 23:00,2026-03-05,23,Thursday,0,2,Duplex,South Valley,"1,625",52.6,60.7%,0.78,0.15,241.0,0.00,0.78,0,0,Low
REC-0761,HH-177,2026-01-12 03:00,2026-01-12,3,Monday,0,4,Single Family,North District,"2,812",23.2,85.4%,2.17,0.46,240.7,0.00,2.17,0,0,Moderate
REC-0762,HH-177,2026-01-12 07:00,2026-01-12,7,Monday,0,4,Single Family,North District,"2,812",24.1,85.9%,4.07,0.85,240.1,0.00,4.07,0,0,High
REC-0763,HH-177,2026-01-14 13:00,2026-01-14,13,Wednesday,0,4,Single Family,North District,"2,812",37.9,76.1%,2.55,0.54,240.6,3.69,-1.14,0,0,Moderate
REC-0764,HH-177,2026-01-14 18:00,2026-01-14,18,Wednesday,0,4,Single Family,North District,"2,812",32.6,75.5%,4.96,1.04,239.8,0.00,4.96,1,0,High
REC-0765,HH-177,2026-01-17 11:00,2026-01-17,11,Saturday,1,4,Single Family,North District,"2,812",42.3,69.0%,3.04,0.64,240.4,2.82,0.22,0,0,Moderate
REC-0766,HH-177,2026-01-17 19:00,2026-01-17,19,Saturday,1,4,Single Family,North District,"2,812",35.3,75.8%,5.06,1.06,239.8,0.00,5.06,1,0,High
REC-0767,HH-177,2026-02-03 08:00,2026-02-03,8,Tuesday,0,4,Single Family,North District,"2,812",27.5,83.2%,4.28,0.90,240.0,0.00,4.28,0,0,High
REC-0768,HH-177,2026-02-08 14:00,2026-02-08,14,Sunday,1,4,Single Family,North District,"2,812",49.3,67.0%,0.08,0.02,268.1,3.98,-3.90,0,1,Critical Peak
REC-0769,HH-177,2026-02-19 20:00,2026-02-19,20,Thursday,0,4,Single Family,North District,"2,812",38.4,70.9%,4.28,0.90,240.0,0.00,4.28,1,0,High
REC-0770,HH-177,2026-03-05 23:00,2026-03-05,23,Thursday,0,4,Single Family,North District,"2,812",42.5,68.8%,1.67,0.35,240.9,0.00,1.67,0,0,Moderate
REC-0771,HH-178,2026-01-12 03:00,2026-01-12,3,Monday,0,2,Apartment,West Hills,733,24.1,84.7%,1.53,0.35,241.1,0.00,1.53,0,0,Low
REC-0772,HH-178,2026-01-12 07:00,2026-01-12,7,Monday,0,2,Apartment,West Hills,733,27.8,83.0%,2.33,0.54,240.9,0.00,2.33,0,0,Moderate
REC-0773,HH-178,2026-01-14 13:00,2026-01-14,13,Wednesday,0,2,Apartment,West Hills,733,41.6,73.1%,1.30,0.30,241.2,0.00,1.30,0,0,Low
REC-0774,HH-178,2026-01-14 18:00,2026-01-14,18,Wednesday,0,2,Apartment,West Hills,733,36.3,72.6%,2.62,0.60,240.8,0.00,2.62,1,0,Moderate
REC-0775,HH-178,2026-01-17 11:00,2026-01-17,11,Saturday,1,2,Apartment,West Hills,733,46.0,66.0%,1.49,0.34,241.1,0.00,1.49,0,0,Low
REC-0776,HH-178,2026-01-17 19:00,2026-01-17,19,Saturday,1,2,Apartment,West Hills,733,36.2,75.0%,2.78,0.64,240.7,0.00,2.78,1,0,Moderate
REC-0777,HH-178,2026-02-03 08:00,2026-02-03,8,Tuesday,0,2,Apartment,West Hills,733,28.4,82.5%,2.61,0.60,240.8,0.00,2.61,0,0,Moderate
REC-0778,HH-178,2026-02-08 14:00,2026-02-08,14,Sunday,1,2,Apartment,West Hills,733,50.2,66.2%,1.51,0.35,241.1,0.00,1.51,0,0,Low
REC-0779,HH-178,2026-02-19 20:00,2026-02-19,20,Thursday,0,2,Apartment,West Hills,733,42.1,67.9%,2.55,0.59,240.8,0.00,2.55,1,0,Moderate
REC-0780,HH-178,2026-03-05 23:00,2026-03-05,23,Thursday,0,2,Apartment,West Hills,733,46.2,65.8%,0.66,0.15,241.4,0.00,0.66,0,0,Low
REC-0781,HH-179,2026-01-12 03:00,2026-01-12,3,Monday,0,2,Townhouse,East Metro,"1,764",28.8,81.0%,1.41,0.35,240.7,0.00,1.41,0,0,Low
REC-0782,HH-179,2026-01-12 07:00,2026-01-12,7,Monday,0,2,Townhouse,East Metro,"1,764",32.5,79.2%,2.47,0.62,240.4,0.00,2.47,0,0,Moderate
REC-0783,HH-179,2026-01-14 13:00,2026-01-14,13,Wednesday,0,2,Townhouse,East Metro,"1,764",43.5,71.6%,1.44,0.36,240.7,3.69,-2.25,0,0,Low
REC-0784,HH-179,2026-01-14 18:00,2026-01-14,18,Wednesday,0,2,Townhouse,East Metro,"1,764",38.2,71.0%,3.05,0.76,240.2,0.00,3.05,1,0,Moderate
REC-0785,HH-179,2026-01-17 11:00,2026-01-17,11,Saturday,1,2,Townhouse,East Metro,"1,764",47.9,64.5%,1.71,0.43,240.7,2.82,-1.11,0,0,Moderate
REC-0786,HH-179,2026-01-17 19:00,2026-01-17,19,Saturday,1,2,Townhouse,East Metro,"1,764",40.9,71.3%,3.10,0.78,240.2,0.00,3.10,1,0,Moderate
REC-0787,HH-179,2026-02-03 08:00,2026-02-03,8,Tuesday,0,2,Townhouse,East Metro,"1,764",33.1,78.7%,2.77,0.69,240.3,0.00,2.77,0,0,Moderate
REC-0788,HH-179,2026-02-08 14:00,2026-02-08,14,Sunday,1,2,Townhouse,East Metro,"1,764",54.9,62.5%,1.84,0.46,240.6,3.98,-2.14,0,0,Moderate
REC-0789,HH-179,2026-02-19 20:00,2026-02-19,20,Thursday,0,2,Townhouse,East Metro,"1,764",46.8,64.2%,2.84,0.71,240.3,0.00,2.84,1,0,Moderate
REC-0790,HH-179,2026-03-05 23:00,2026-03-05,23,Thursday,0,2,Townhouse,East Metro,"1,764",48.1,64.3%,1.29,0.32,240.8,0.00,1.29,0,0,Low
REC-0791,HH-180,2026-01-12 03:00,2026-01-12,3,Monday,0,3,Duplex,South Valley,"2,013",29.7,80.2%,1.49,0.40,240.9,0.00,1.49,0,0,Low
REC-0792,HH-180,2026-01-12 07:00,2026-01-12,7,Monday,0,3,Duplex,South Valley,"2,013",33.4,78.5%,2.83,0.76,240.5,0.00,2.83,0,0,Moderate
REC-0793,HH-180,2026-01-14 13:00,2026-01-14,13,Wednesday,0,3,Duplex,South Valley,"2,013",47.2,68.6%,1.53,0.41,240.9,0.00,1.53,0,0,Low
REC-0794,HH-180,2026-01-14 18:00,2026-01-14,18,Wednesday,0,3,Duplex,South Valley,"2,013",41.9,68.1%,3.46,0.93,240.3,0.00,3.46,1,0,High
REC-0795,HH-180,2026-01-17 11:00,2026-01-17,11,Saturday,1,3,Duplex,South Valley,"2,013",51.6,61.5%,1.96,0.53,240.8,0.00,1.96,0,0,Moderate
REC-0796,HH-180,2026-01-17 19:00,2026-01-17,19,Saturday,1,3,Duplex,South Valley,"2,013",44.6,68.3%,3.53,0.95,240.3,0.00,3.53,1,0,High
REC-0797,HH-180,2026-02-03 08:00,2026-02-03,8,Tuesday,0,3,Duplex,South Valley,"2,013",34.0,78.0%,3.15,0.85,240.4,0.00,3.15,0,0,Moderate
REC-0798,HH-180,2026-02-08 14:00,2026-02-08,14,Sunday,1,3,Duplex,South Valley,"2,013",55.8,61.8%,2.20,0.59,240.7,0.00,2.20,0,0,Moderate
REC-0799,HH-180,2026-02-19 20:00,2026-02-19,20,Thursday,0,3,Duplex,South Valley,"2,013",47.7,63.4%,13.50,3.65,202.4,0.00,13.50,1,1,Critical Peak
REC-0800,HH-180,2026-03-05 23:00,2026-03-05,23,Thursday,0,3,Duplex,South Valley,"2,013",51.8,61.4%,1.39,0.38,241.0,0.00,1.39,0,0,Low
REC-0801,HH-181,2026-01-12 03:00,2026-01-12,3,Monday,0,5,Single Family,North District,"3,360",22.4,86.1%,2.76,0.52,240.7,0.00,2.76,0,0,Moderate
REC-0802,HH-181,2026-01-12 07:00,2026-01-12,7,Monday,0,5,Single Family,North District,"3,360",26.1,84.3%,4.34,0.82,240.2,0.00,4.34,0,0,High
REC-0803,HH-181,2026-01-14 13:00,2026-01-14,13,Wednesday,0,5,Single Family,North District,"3,360",39.9,74.5%,2.65,0.50,240.8,3.69,-1.04,0,0,Moderate
REC-0804,HH-181,2026-01-14 18:00,2026-01-14,18,Wednesday,0,5,Single Family,North District,"3,360",31.8,76.2%,5.59,1.06,239.8,0.00,5.59,1,0,Critical Peak
REC-0805,HH-181,2026-01-17 11:00,2026-01-17,11,Saturday,1,5,Single Family,North District,"3,360",41.5,69.6%,3.38,0.64,240.5,2.82,0.56,0,0,High
REC-0806,HH-181,2026-01-17 19:00,2026-01-17,19,Saturday,1,5,Single Family,North District,"3,360",34.5,76.4%,0.08,0.02,268.1,0.00,0.08,1,1,Critical Peak
REC-0807,HH-181,2026-02-03 08:00,2026-02-03,8,Tuesday,0,5,Single Family,North District,"3,360",26.7,83.8%,4.71,0.89,240.1,0.00,4.71,0,0,High
REC-0808,HH-181,2026-02-08 14:00,2026-02-08,14,Sunday,1,5,Single Family,North District,"3,360",48.5,67.6%,3.35,0.64,240.5,3.98,-0.63,0,0,High
REC-0809,HH-181,2026-02-19 20:00,2026-02-19,20,Thursday,0,5,Single Family,North District,"3,360",40.4,69.3%,5.32,1.01,239.9,0.00,5.32,1,0,Critical Peak
REC-0810,HH-181,2026-03-05 23:00,2026-03-05,23,Thursday,0,5,Single Family,North District,"3,360",44.5,67.2%,2.23,0.42,240.9,0.00,2.23,0,0,Moderate
REC-0811,HH-182,2026-01-12 03:00,2026-01-12,3,Monday,0,2,Apartment,West Hills,"1,049",23.3,85.4%,1.96,0.41,240.6,0.00,1.96,0,0,Moderate
REC-0812,HH-182,2026-01-12 07:00,2026-01-12,7,Monday,0,2,Apartment,West Hills,"1,049",27.0,83.6%,2.84,0.60,240.3,0.00,2.84,0,0,Moderate
REC-0813,HH-182,2026-01-14 13:00,2026-01-14,13,Wednesday,0,2,Apartment,West Hills,"1,049",40.8,73.8%,1.22,0.26,240.8,0.00,1.22,0,0,Low
REC-0814,HH-182,2026-01-14 18:00,2026-01-14,18,Wednesday,0,2,Apartment,West Hills,"1,049",35.5,73.2%,2.63,0.55,240.4,0.00,2.63,1,0,Moderate
REC-0815,HH-182,2026-01-17 11:00,2026-01-17,11,Saturday,1,2,Apartment,West Hills,"1,049",45.2,66.6%,1.43,0.30,240.7,0.00,1.43,0,0,Low
REC-0816,HH-182,2026-01-17 19:00,2026-01-17,19,Saturday,1,2,Apartment,West Hills,"1,049",38.2,73.4%,2.67,0.56,240.3,0.00,2.67,1,0,Moderate
REC-0817,HH-182,2026-02-03 08:00,2026-02-03,8,Tuesday,0,2,Apartment,West Hills,"1,049",30.4,80.9%,2.45,0.51,240.4,0.00,2.45,0,0,Moderate
REC-0818,HH-182,2026-02-08 14:00,2026-02-08,14,Sunday,1,2,Apartment,West Hills,"1,049",49.4,66.9%,1.46,0.31,240.7,0.00,1.46,0,0,Low
REC-0819,HH-182,2026-02-19 20:00,2026-02-19,20,Thursday,0,2,Apartment,West Hills,"1,049",41.3,68.6%,2.55,0.54,240.4,0.00,2.55,1,0,Moderate
REC-0820,HH-182,2026-03-05 23:00,2026-03-05,23,Thursday,0,2,Apartment,West Hills,"1,049",45.4,66.5%,1.11,0.23,240.8,0.00,1.11,0,0,Low
REC-0821,HH-183,2026-01-12 03:00,2026-01-12,3,Monday,0,2,Townhouse,East Metro,"1,616",28.0,81.6%,1.78,0.41,240.8,0.00,1.78,0,0,Moderate
REC-0822,HH-183,2026-01-12 07:00,2026-01-12,7,Monday,0,2,Townhouse,East Metro,"1,616",31.7,79.8%,2.80,0.64,240.5,0.00,2.80,0,0,Moderate
REC-0823,HH-183,2026-01-14 13:00,2026-01-14,13,Wednesday,0,2,Townhouse,East Metro,"1,616",45.5,70.0%,1.66,0.38,240.9,3.69,-2.03,0,0,Moderate
REC-0824,HH-183,2026-01-14 18:00,2026-01-14,18,Wednesday,0,2,Townhouse,East Metro,"1,616",40.2,69.4%,2.68,0.62,240.5,0.00,2.68,1,0,Moderate
REC-0825,HH-183,2026-01-17 11:00,2026-01-17,11,Saturday,1,2,Townhouse,East Metro,"1,616",47.1,65.1%,1.49,0.34,240.9,2.82,-1.33,0,0,Low
REC-0826,HH-183,2026-01-17 19:00,2026-01-17,19,Saturday,1,2,Townhouse,East Metro,"1,616",40.1,71.9%,2.85,0.66,240.5,0.00,2.85,1,0,Moderate
REC-0827,HH-183,2026-02-03 08:00,2026-02-03,8,Tuesday,0,2,Townhouse,East Metro,"1,616",32.3,79.4%,2.54,0.58,240.6,0.00,2.54,0,0,Moderate
REC-0828,HH-183,2026-02-08 14:00,2026-02-08,14,Sunday,1,2,Townhouse,East Metro,"1,616",54.1,63.1%,1.58,0.36,240.9,3.98,-2.40,0,0,Low
REC-0829,HH-183,2026-02-19 20:00,2026-02-19,20,Thursday,0,2,Townhouse,East Metro,"1,616",46.0,64.8%,2.60,0.60,240.6,0.00,2.60,1,0,Moderate
REC-0830,HH-183,2026-03-05 23:00,2026-03-05,23,Thursday,0,2,Townhouse,East Metro,"1,616",50.1,62.7%,0.97,0.22,241.1,0.00,0.97,0,0,Low
REC-0831,HH-184,2026-01-12 03:00,2026-01-12,3,Monday,0,4,Duplex,South Valley,"1,751",31.7,78.6%,1.83,0.46,241.0,0.00,1.83,0,0,Moderate
REC-0832,HH-184,2026-01-12 07:00,2026-01-12,7,Monday,0,4,Duplex,South Valley,"1,751",32.6,79.1%,3.46,0.87,240.5,0.00,3.46,0,0,High
REC-0833,HH-184,2026-01-14 13:00,2026-01-14,13,Wednesday,0,4,Duplex,South Valley,"1,751",46.4,69.3%,2.08,0.52,240.9,0.00,2.08,0,0,Moderate
REC-0834,HH-184,2026-01-14 18:00,2026-01-14,18,Wednesday,0,4,Duplex,South Valley,"1,751",41.1,68.7%,4.19,1.05,240.3,0.00,4.19,1,0,High
REC-0835,HH-184,2026-01-17 11:00,2026-01-17,11,Saturday,1,4,Duplex,South Valley,"1,751",50.8,62.2%,1.98,0.50,241.0,0.00,1.98,0,0,Moderate
REC-0836,HH-184,2026-01-17 19:00,2026-01-17,19,Saturday,1,4,Duplex,South Valley,"1,751",43.8,69.0%,3.72,0.93,240.4,0.00,3.72,1,0,High
REC-0837,HH-184,2026-02-03 08:00,2026-02-03,8,Tuesday,0,4,Duplex,South Valley,"1,751",36.0,76.4%,14.30,3.58,202.4,0.00,14.30,0,1,Critical Peak
REC-0838,HH-184,2026-02-08 14:00,2026-02-08,14,Sunday,1,4,Duplex,South Valley,"1,751",57.8,60.2%,2.23,0.56,240.9,0.00,2.23,0,0,Moderate
REC-0839,HH-184,2026-02-19 20:00,2026-02-19,20,Thursday,0,4,Duplex,South Valley,"1,751",46.9,64.1%,3.53,0.88,240.5,0.00,3.53,1,0,High
REC-0840,HH-184,2026-03-05 23:00,2026-03-05,23,Thursday,0,4,Duplex,South Valley,"1,751",51.0,62.0%,1.32,0.33,241.2,0.00,1.32,0,0,Low
REC-0841,HH-185,2026-01-12 03:00,2026-01-12,3,Monday,0,3,Single Family,North District,"2,508",21.6,86.7%,2.22,0.60,240.5,0.00,2.22,0,0,Moderate
REC-0842,HH-185,2026-01-12 07:00,2026-01-12,7,Monday,0,3,Single Family,North District,"2,508",25.3,85.0%,3.69,1.00,240.0,0.00,3.69,0,0,High
REC-0843,HH-185,2026-01-14 13:00,2026-01-14,13,Wednesday,0,3,Single Family,North District,"2,508",39.1,75.1%,2.33,0.63,240.5,3.69,-1.36,0,0,Moderate
REC-0844,HH-185,2026-01-14 18:00,2026-01-14,18,Wednesday,0,3,Single Family,North District,"2,508",33.8,74.6%,4.40,1.19,239.8,0.00,4.40,1,0,High
REC-0845,HH-185,2026-01-17 11:00,2026-01-17,11,Saturday,1,3,Single Family,North District,"2,508",43.5,68.0%,2.73,0.74,240.3,2.82,-0.09,0,0,Moderate
REC-0846,HH-185,2026-01-17 19:00,2026-01-17,19,Saturday,1,3,Single Family,North District,"2,508",33.7,77.0%,4.06,1.10,239.9,0.00,4.06,1,0,High
REC-0847,HH-185,2026-02-03 08:00,2026-02-03,8,Tuesday,0,3,Single Family,North District,"2,508",25.9,84.5%,3.46,0.93,240.1,0.00,3.46,0,0,High
REC-0848,HH-185,2026-02-08 14:00,2026-02-08,14,Sunday,1,3,Single Family,North District,"2,508",47.7,68.2%,2.24,0.60,240.5,3.98,-1.74,0,0,Moderate
REC-0849,HH-185,2026-02-19 20:00,2026-02-19,20,Thursday,0,3,Single Family,North District,"2,508",39.6,69.9%,3.74,1.01,240.0,0.00,3.74,1,0,High
REC-0850,HH-185,2026-03-05 23:00,2026-03-05,23,Thursday,0,3,Single Family,North District,"2,508",43.7,67.8%,1.52,0.41,240.7,0.00,1.52,0,0,Low
REC-0851,HH-186,2026-01-12 03:00,2026-01-12,3,Monday,0,2,Apartment,West Hills,865,25.3,83.8%,1.64,0.31,240.9,0.00,1.64,0,0,Moderate
REC-0852,HH-186,2026-01-12 07:00,2026-01-12,7,Monday,0,2,Apartment,West Hills,865,29.0,82.0%,2.47,0.47,240.6,0.00,2.47,0,0,Moderate
REC-0853,HH-186,2026-01-14 13:00,2026-01-14,13,Wednesday,0,2,Apartment,West Hills,865,40.0,74.4%,1.56,0.30,240.9,0.00,1.56,0,0,Low
REC-0854,HH-186,2026-01-14 18:00,2026-01-14,18,Wednesday,0,2,Apartment,West Hills,865,34.7,73.8%,2.91,0.55,240.5,0.00,2.91,1,0,Moderate
REC-0855,HH-186,2026-01-17 11:00,2026-01-17,11,Saturday,1,2,Apartment,West Hills,865,44.4,67.3%,1.75,0.33,240.8,0.00,1.75,0,0,Moderate
REC-0856,HH-186,2026-01-17 19:00,2026-01-17,19,Saturday,1,2,Apartment,West Hills,865,37.4,74.1%,2.95,0.56,240.5,0.00,2.95,1,0,Moderate
REC-0857,HH-186,2026-02-03 08:00,2026-02-03,8,Tuesday,0,2,Apartment,West Hills,865,29.6,81.5%,2.21,0.42,240.7,0.00,2.21,0,0,Moderate
REC-0858,HH-186,2026-02-08 14:00,2026-02-08,14,Sunday,1,2,Apartment,West Hills,865,51.4,65.3%,1.16,0.22,241.0,0.00,1.16,0,0,Low
REC-0859,HH-186,2026-02-19 20:00,2026-02-19,20,Thursday,0,2,Apartment,West Hills,865,43.3,67.0%,2.16,0.41,240.7,0.00,2.16,1,0,Moderate
REC-0860,HH-186,2026-03-05 23:00,2026-03-05,23,Thursday,0,2,Apartment,West Hills,865,44.6,67.1%,0.91,0.17,241.1,0.00,0.91,0,0,Low
REC-0861,HH-187,2026-01-12 03:00,2026-01-12,3,Monday,0,2,Townhouse,East Metro,"1,468",27.2,82.2%,1.59,0.33,241.1,0.00,1.59,0,0,Low
REC-0862,HH-187,2026-01-12 07:00,2026-01-12,7,Monday,0,2,Townhouse,East Metro,"1,468",30.9,80.5%,2.58,0.54,240.8,0.00,2.58,0,0,Moderate
REC-0863,HH-187,2026-01-14 13:00,2026-01-14,13,Wednesday,0,2,Townhouse,East Metro,"1,468",44.7,70.6%,1.46,0.31,241.1,3.69,-2.23,0,0,Low
REC-0864,HH-187,2026-01-14 18:00,2026-01-14,18,Wednesday,0,2,Townhouse,East Metro,"1,468",39.4,70.1%,2.98,0.63,240.6,0.00,2.98,1,0,Moderate
REC-0865,HH-187,2026-01-17 11:00,2026-01-17,11,Saturday,1,2,Townhouse,East Metro,"1,468",49.1,63.5%,1.70,0.36,241.1,2.82,-1.12,0,0,Moderate
REC-0866,HH-187,2026-01-17 19:00,2026-01-17,19,Saturday,1,2,Townhouse,East Metro,"1,468",42.1,70.3%,3.03,0.64,240.6,0.00,3.03,1,0,Moderate
REC-0867,HH-187,2026-02-03 08:00,2026-02-03,8,Tuesday,0,2,Townhouse,East Metro,"1,468",31.5,80.0%,2.87,0.60,240.7,0.00,2.87,0,0,Moderate
REC-0868,HH-187,2026-02-08 14:00,2026-02-08,14,Sunday,1,2,Townhouse,East Metro,"1,468",53.3,63.8%,0.08,0.02,268.1,3.98,-3.90,0,1,Critical Peak
REC-0869,HH-187,2026-02-19 20:00,2026-02-19,20,Thursday,0,2,Townhouse,East Metro,"1,468",45.2,65.4%,2.35,0.49,240.8,0.00,2.35,1,0,Moderate
REC-0870,HH-187,2026-03-05 23:00,2026-03-05,23,Thursday,0,2,Townhouse,East Metro,"1,468",49.3,63.4%,0.78,0.16,241.4,0.00,0.78,0,0,Low
REC-0871,HH-188,2026-01-12 03:00,2026-01-12,3,Monday,0,2,Duplex,South Valley,"2,139",30.9,79.3%,1.47,0.34,240.7,0.00,1.47,0,0,Low
REC-0872,HH-188,2026-01-12 07:00,2026-01-12,7,Monday,0,2,Duplex,South Valley,"2,139",34.6,77.5%,2.63,0.60,240.4,0.00,2.63,0,0,Moderate
REC-0873,HH-188,2026-01-14 13:00,2026-01-14,13,Wednesday,0,2,Duplex,South Valley,"2,139",48.4,67.7%,1.42,0.33,240.7,0.00,1.42,0,0,Low
REC-0874,HH-188,2026-01-14 18:00,2026-01-14,18,Wednesday,0,2,Duplex,South Valley,"2,139",40.3,69.4%,3.26,0.75,240.2,0.00,3.26,1,0,High
REC-0875,HH-188,2026-01-17 11:00,2026-01-17,11,Saturday,1,2,Duplex,South Valley,"2,139",50.0,62.8%,1.85,0.43,240.6,0.00,1.85,0,0,Moderate
REC-0876,HH-188,2026-01-17 19:00,2026-01-17,19,Saturday,1,2,Duplex,South Valley,"2,139",43.0,69.6%,3.32,0.76,240.1,0.00,3.32,1,0,High
REC-0877,HH-188,2026-02-03 08:00,2026-02-03,8,Tuesday,0,2,Duplex,South Valley,"2,139",35.2,77.0%,2.93,0.67,240.3,0.00,2.93,0,0,Moderate
REC-0878,HH-188,2026-02-08 14:00,2026-02-08,14,Sunday,1,2,Duplex,South Valley,"2,139",57.0,60.8%,2.08,0.48,240.5,0.00,2.08,0,0,Moderate
REC-0879,HH-188,2026-02-19 20:00,2026-02-19,20,Thursday,0,2,Duplex,South Valley,"2,139",48.9,62.5%,2.50,0.58,240.4,0.00,2.50,1,0,Moderate
REC-0880,HH-188,2026-03-05 23:00,2026-03-05,23,Thursday,0,2,Duplex,South Valley,"2,139",53.0,60.4%,0.83,0.19,240.9,0.00,0.83,0,0,Low
REC-0881,HH-189,2026-01-12 03:00,2026-01-12,3,Monday,0,4,Single Family,North District,"3,056",20.8,87.4%,2.26,0.57,240.7,0.00,2.26,0,0,Moderate
REC-0882,HH-189,2026-01-12 07:00,2026-01-12,7,Monday,0,4,Single Family,North District,"3,056",24.5,85.6%,4.09,1.02,240.1,0.00,4.09,0,0,High
REC-0883,HH-189,2026-01-14 13:00,2026-01-14,13,Wednesday,0,4,Single Family,North District,"3,056",38.3,75.8%,2.55,0.64,240.6,3.69,-1.14,0,0,Moderate
REC-0884,HH-189,2026-01-14 18:00,2026-01-14,18,Wednesday,0,4,Single Family,North District,"3,056",33.0,75.2%,5.03,1.26,239.8,0.00,5.03,1,0,High
REC-0885,HH-189,2026-01-17 11:00,2026-01-17,11,Saturday,1,4,Single Family,North District,"3,056",42.7,68.6%,3.06,0.77,240.4,2.82,0.24,0,0,Moderate
REC-0886,HH-189,2026-01-17 19:00,2026-01-17,19,Saturday,1,4,Single Family,North District,"3,056",35.7,75.4%,5.13,1.28,239.8,0.00,5.13,1,0,High
REC-0887,HH-189,2026-02-03 08:00,2026-02-03,8,Tuesday,0,4,Single Family,North District,"3,056",27.9,82.9%,4.31,1.08,240.0,0.00,4.31,0,0,High
REC-0888,HH-189,2026-02-08 14:00,2026-02-08,14,Sunday,1,4,Single Family,North District,"3,056",46.9,68.9%,3.14,0.79,240.4,3.98,-0.84,0,0,Moderate
REC-0889,HH-189,2026-02-19 20:00,2026-02-19,20,Thursday,0,4,Single Family,North District,"3,056",38.8,70.6%,4.90,1.23,239.8,0.00,4.90,1,0,High
REC-0890,HH-189,2026-03-05 23:00,2026-03-05,23,Thursday,0,4,Single Family,North District,"3,056",42.9,68.5%,1.65,0.41,240.9,0.00,1.65,0,0,Moderate
REC-0891,HH-190,2026-01-12 03:00,2026-01-12,3,Monday,0,2,Apartment,West Hills,681,24.5,84.4%,1.45,0.39,241.1,0.00,1.45,0,0,Low
REC-0892,HH-190,2026-01-12 07:00,2026-01-12,7,Monday,0,2,Apartment,West Hills,681,28.2,82.6%,2.24,0.60,240.9,0.00,2.24,0,0,Moderate
REC-0893,HH-190,2026-01-14 13:00,2026-01-14,13,Wednesday,0,2,Apartment,West Hills,681,42.0,72.8%,1.22,0.33,241.2,0.00,1.22,0,0,Low
REC-0894,HH-190,2026-01-14 18:00,2026-01-14,18,Wednesday,0,2,Apartment,West Hills,681,36.7,72.2%,2.52,0.68,240.8,0.00,2.52,1,0,Moderate
REC-0895,HH-190,2026-01-17 11:00,2026-01-17,11,Saturday,1,2,Apartment,West Hills,681,43.6,67.9%,1.53,0.41,241.1,0.00,1.53,0,0,Low
REC-0896,HH-190,2026-01-17 19:00,2026-01-17,19,Saturday,1,2,Apartment,West Hills,681,36.6,74.7%,2.68,0.72,240.7,0.00,2.68,1,0,Moderate
REC-0897,HH-190,2026-02-03 08:00,2026-02-03,8,Tuesday,0,2,Apartment,West Hills,681,28.8,82.2%,2.52,0.68,240.8,0.00,2.52,0,0,Moderate
REC-0898,HH-190,2026-02-08 14:00,2026-02-08,14,Sunday,1,2,Apartment,West Hills,681,50.6,65.9%,1.44,0.39,241.1,0.00,1.44,0,0,Low
REC-0899,HH-190,2026-02-19 20:00,2026-02-19,20,Thursday,0,2,Apartment,West Hills,681,42.5,67.6%,11.50,3.11,202.4,0.00,11.50,1,1,Critical Peak
REC-0900,HH-190,2026-03-05 23:00,2026-03-05,23,Thursday,0,2,Apartment,West Hills,681,46.6,65.5%,1.13,0.31,241.2,0.00,1.13,0,0,Low
REC-0901,HH-191,2026-01-12 03:00,2026-01-12,3,Monday,0,2,Townhouse,East Metro,"1,920",29.2,80.6%,1.37,0.26,240.8,0.00,1.37,0,0,Low
REC-0902,HH-191,2026-01-12 07:00,2026-01-12,7,Monday,0,2,Townhouse,East Metro,"1,920",30.1,81.1%,2.59,0.49,240.4,0.00,2.59,0,0,Moderate
REC-0903,HH-191,2026-01-14 13:00,2026-01-14,13,Wednesday,0,2,Townhouse,East Metro,"1,920",43.9,71.3%,1.41,0.27,240.7,3.69,-2.28,0,0,Low
REC-0904,HH-191,2026-01-14 18:00,2026-01-14,18,Wednesday,0,2,Townhouse,East Metro,"1,920",38.6,70.7%,3.07,0.58,240.2,0.00,3.07,1,0,Moderate
REC-0905,HH-191,2026-01-17 11:00,2026-01-17,11,Saturday,1,2,Townhouse,East Metro,"1,920",48.3,64.2%,1.70,0.32,240.7,2.82,-1.12,0,0,Moderate
REC-0906,HH-191,2026-01-17 19:00,2026-01-17,19,Saturday,1,2,Townhouse,East Metro,"1,920",41.3,71.0%,0.08,0.02,268.1,0.00,0.08,1,1,Critical Peak
REC-0907,HH-191,2026-02-03 08:00,2026-02-03,8,Tuesday,0,2,Townhouse,East Metro,"1,920",33.5,78.4%,2.77,0.53,240.3,0.00,2.77,0,0,Moderate
REC-0908,HH-191,2026-02-08 14:00,2026-02-08,14,Sunday,1,2,Townhouse,East Metro,"1,920",55.3,62.2%,1.85,0.35,240.6,3.98,-2.13,0,0,Moderate
REC-0909,HH-191,2026-02-19 20:00,2026-02-19,20,Thursday,0,2,Townhouse,East Metro,"1,920",44.4,66.1%,2.98,0.57,240.2,0.00,2.98,1,0,Moderate
REC-0910,HH-191,2026-03-05 23:00,2026-03-05,23,Thursday,0,2,Townhouse,East Metro,"1,920",48.5,64.0%,1.25,0.24,240.8,0.00,1.25,0,0,Low
REC-0911,HH-192,2026-01-12 03:00,2026-01-12,3,Monday,0,3,Duplex,South Valley,"1,877",30.1,79.9%,1.95,0.41,240.8,0.00,1.95,0,0,Moderate
REC-0912,HH-192,2026-01-12 07:00,2026-01-12,7,Monday,0,3,Duplex,South Valley,"1,877",33.8,78.2%,2.71,0.57,240.5,0.00,2.71,0,0,Moderate
REC-0913,HH-192,2026-01-14 13:00,2026-01-14,13,Wednesday,0,3,Duplex,South Valley,"1,877",47.6,68.3%,1.42,0.30,240.9,0.00,1.42,0,0,Low
REC-0914,HH-192,2026-01-14 18:00,2026-01-14,18,Wednesday,0,3,Duplex,South Valley,"1,877",42.3,67.8%,3.32,0.70,240.3,0.00,3.32,1,0,High
REC-0915,HH-192,2026-01-17 11:00,2026-01-17,11,Saturday,1,3,Duplex,South Valley,"1,877",52.0,61.2%,1.86,0.39,240.8,0.00,1.86,0,0,Moderate
REC-0916,HH-192,2026-01-17 19:00,2026-01-17,19,Saturday,1,3,Duplex,South Valley,"1,877",42.2,70.2%,3.51,0.74,240.3,0.00,3.51,1,0,High
REC-0917,HH-192,2026-02-03 08:00,2026-02-03,8,Tuesday,0,3,Duplex,South Valley,"1,877",34.4,77.7%,3.02,0.63,240.4,0.00,3.02,0,0,Moderate
REC-0918,HH-192,2026-02-08 14:00,2026-02-08,14,Sunday,1,3,Duplex,South Valley,"1,877",56.2,61.4%,2.10,0.44,240.7,0.00,2.10,0,0,Moderate
REC-0919,HH-192,2026-02-19 20:00,2026-02-19,20,Thursday,0,3,Duplex,South Valley,"1,877",48.1,63.1%,3.22,0.68,240.4,0.00,3.22,1,0,High
REC-0920,HH-192,2026-03-05 23:00,2026-03-05,23,Thursday,0,3,Duplex,South Valley,"1,877",52.2,61.0%,1.31,0.28,241.0,0.00,1.31,0,0,Low
REC-0921,HH-193,2026-01-12 03:00,2026-01-12,3,Monday,0,5,Single Family,North District,"2,204",22.8,85.8%,2.53,0.58,240.8,0.00,2.53,0,0,Moderate
REC-0922,HH-193,2026-01-12 07:00,2026-01-12,7,Monday,0,5,Single Family,North District,"2,204",26.5,84.0%,4.37,1.01,240.2,0.00,4.37,0,0,High
REC-0923,HH-193,2026-01-14 13:00,2026-01-14,13,Wednesday,0,5,Single Family,North District,"2,204",37.5,76.4%,2.39,0.55,240.8,3.69,-1.30,0,0,Moderate
REC-0924,HH-193,2026-01-14 18:00,2026-01-14,18,Wednesday,0,5,Single Family,North District,"2,204",32.2,75.8%,4.88,1.12,240.0,0.00,4.88,1,0,High
REC-0925,HH-193,2026-01-17 11:00,2026-01-17,11,Saturday,1,5,Single Family,North District,"2,204",41.9,69.3%,2.91,0.67,240.7,2.82,0.09,0,0,Moderate
REC-0926,HH-193,2026-01-17 19:00,2026-01-17,19,Saturday,1,5,Single Family,North District,"2,204",34.9,76.1%,4.99,1.15,240.0,0.00,4.99,1,0,High
REC-0927,HH-193,2026-02-03 08:00,2026-02-03,8,Tuesday,0,5,Single Family,North District,"2,204",27.1,83.5%,4.16,0.96,240.3,0.00,4.16,0,0,High
REC-0928,HH-193,2026-02-08 14:00,2026-02-08,14,Sunday,1,5,Single Family,North District,"2,204",48.9,67.3%,2.86,0.66,240.7,3.98,-1.12,0,0,Moderate
REC-0929,HH-193,2026-02-19 20:00,2026-02-19,20,Thursday,0,5,Single Family,North District,"2,204",40.8,69.0%,4.63,1.06,240.1,0.00,4.63,1,0,High
REC-0930,HH-193,2026-03-05 23:00,2026-03-05,23,Thursday,0,5,Single Family,North District,"2,204",42.1,69.1%,2.05,0.47,240.9,0.00,2.05,0,0,Moderate
REC-0931,HH-194,2026-01-12 03:00,2026-01-12,3,Monday,0,2,Apartment,West Hills,997,23.7,85.0%,1.89,0.47,240.6,0.00,1.89,0,0,Moderate
REC-0932,HH-194,2026-01-12 07:00,2026-01-12,7,Monday,0,2,Apartment,West Hills,997,27.4,83.3%,2.75,0.69,240.3,0.00,2.75,0,0,Moderate
REC-0933,HH-194,2026-01-14 13:00,2026-01-14,13,Wednesday,0,2,Apartment,West Hills,997,41.2,73.4%,1.69,0.42,240.7,0.00,1.69,0,0,Moderate
REC-0934,HH-194,2026-01-14 18:00,2026-01-14,18,Wednesday,0,2,Apartment,West Hills,997,35.9,72.9%,2.53,0.63,240.4,0.00,2.53,1,0,Moderate
REC-0935,HH-194,2026-01-17 11:00,2026-01-17,11,Saturday,1,2,Apartment,West Hills,997,45.6,66.3%,1.35,0.34,240.8,0.00,1.35,0,0,Low
REC-0936,HH-194,2026-01-17 19:00,2026-01-17,19,Saturday,1,2,Apartment,West Hills,997,38.6,73.1%,2.57,0.64,240.4,0.00,2.57,1,0,Moderate
REC-0937,HH-194,2026-02-03 08:00,2026-02-03,8,Tuesday,0,2,Apartment,West Hills,997,28.0,82.8%,12.30,3.08,202.4,0.00,12.30,0,1,Critical Peak
REC-0938,HH-194,2026-02-08 14:00,2026-02-08,14,Sunday,1,2,Apartment,West Hills,997,49.8,66.6%,1.37,0.34,240.8,0.00,1.37,0,0,Low
REC-0939,HH-194,2026-02-19 20:00,2026-02-19,20,Thursday,0,2,Apartment,West Hills,997,41.7,68.2%,2.46,0.62,240.4,0.00,2.46,1,0,Moderate
REC-0940,HH-194,2026-03-05 23:00,2026-03-05,23,Thursday,0,2,Apartment,West Hills,997,45.8,66.2%,1.04,0.26,240.9,0.00,1.04,0,0,Low
REC-0941,HH-195,2026-01-12 03:00,2026-01-12,3,Monday,0,2,Townhouse,East Metro,"1,772",28.4,81.3%,1.73,0.47,240.8,0.00,1.73,0,0,Moderate
REC-0942,HH-195,2026-01-12 07:00,2026-01-12,7,Monday,0,2,Townhouse,East Metro,"1,772",32.1,79.5%,2.79,0.75,240.5,0.00,2.79,0,0,Moderate
REC-0943,HH-195,2026-01-14 13:00,2026-01-14,13,Wednesday,0,2,Townhouse,East Metro,"1,772",45.9,69.7%,1.63,0.44,240.9,3.69,-2.06,0,0,Moderate
REC-0944,HH-195,2026-01-14 18:00,2026-01-14,18,Wednesday,0,2,Townhouse,East Metro,"1,772",37.8,71.4%,3.37,0.91,240.3,0.00,3.37,1,0,High
REC-0945,HH-195,2026-01-17 11:00,2026-01-17,11,Saturday,1,2,Townhouse,East Metro,"1,772",47.5,64.8%,1.48,0.40,240.9,2.82,-1.34,0,0,Low
REC-0946,HH-195,2026-01-17 19:00,2026-01-17,19,Saturday,1,2,Townhouse,East Metro,"1,772",40.5,71.6%,2.88,0.78,240.5,0.00,2.88,1,0,Moderate
REC-0947,HH-195,2026-02-03 08:00,2026-02-03,8,Tuesday,0,2,Townhouse,East Metro,"1,772",32.7,79.0%,2.54,0.69,240.6,0.00,2.54,0,0,Moderate
REC-0948,HH-195,2026-02-08 14:00,2026-02-08,14,Sunday,1,2,Townhouse,East Metro,"1,772",54.5,62.8%,1.59,0.43,240.9,3.98,-2.39,0,0,Low
REC-0949,HH-195,2026-02-19 20:00,2026-02-19,20,Thursday,0,2,Townhouse,East Metro,"1,772",46.4,64.5%,2.61,0.70,240.6,0.00,2.61,1,0,Moderate
REC-0950,HH-195,2026-03-05 23:00,2026-03-05,23,Thursday,0,2,Townhouse,East Metro,"1,772",50.5,62.4%,0.96,0.26,241.1,0.00,0.96,0,0,Low
REC-0951,HH-196,2026-01-12 03:00,2026-01-12,3,Monday,0,4,Duplex,South Valley,"1,615",29.3,80.6%,1.87,0.36,241.0,0.00,1.87,0,0,Moderate
REC-0952,HH-196,2026-01-12 07:00,2026-01-12,7,Monday,0,4,Duplex,South Valley,"1,615",33.0,78.8%,3.34,0.63,240.5,0.00,3.34,0,0,High
REC-0953,HH-196,2026-01-14 13:00,2026-01-14,13,Wednesday,0,4,Duplex,South Valley,"1,615",46.8,69.0%,1.98,0.38,241.0,0.00,1.98,0,0,Moderate
REC-0954,HH-196,2026-01-14 18:00,2026-01-14,18,Wednesday,0,4,Duplex,South Valley,"1,615",41.5,68.4%,4.05,0.77,240.3,0.00,4.05,1,0,High
REC-0955,HH-196,2026-01-17 11:00,2026-01-17,11,Saturday,1,4,Duplex,South Valley,"1,615",51.2,61.8%,2.43,0.46,240.8,0.00,2.43,0,0,Moderate
REC-0956,HH-196,2026-01-17 19:00,2026-01-17,19,Saturday,1,4,Duplex,South Valley,"1,615",44.2,68.6%,3.58,0.68,240.5,0.00,3.58,1,0,High
REC-0957,HH-196,2026-02-03 08:00,2026-02-03,8,Tuesday,0,4,Duplex,South Valley,"1,615",36.4,76.1%,2.99,0.57,240.6,0.00,2.99,0,0,Moderate
REC-0958,HH-196,2026-02-08 14:00,2026-02-08,14,Sunday,1,4,Duplex,South Valley,"1,615",55.4,62.1%,2.13,0.40,240.9,0.00,2.13,0,0,Moderate
REC-0959,HH-196,2026-02-19 20:00,2026-02-19,20,Thursday,0,4,Duplex,South Valley,"1,615",47.3,63.8%,3.39,0.64,240.5,0.00,3.39,1,0,High
REC-0960,HH-196,2026-03-05 23:00,2026-03-05,23,Thursday,0,4,Duplex,South Valley,"1,615",51.4,61.7%,1.24,0.24,241.2,0.00,1.24,0,0,Low
REC-0961,HH-197,2026-01-12 03:00,2026-01-12,3,Monday,0,3,Single Family,North District,"2,752",22.0,86.4%,2.19,0.46,240.5,0.00,2.19,0,0,Moderate
REC-0962,HH-197,2026-01-12 07:00,2026-01-12,7,Monday,0,3,Single Family,North District,"2,752",25.7,84.6%,3.72,0.78,240.0,0.00,3.72,0,0,High
REC-0963,HH-197,2026-01-14 13:00,2026-01-14,13,Wednesday,0,3,Single Family,North District,"2,752",39.5,74.8%,2.32,0.49,240.5,3.69,-1.37,0,0,Moderate
REC-0964,HH-197,2026-01-14 18:00,2026-01-14,18,Wednesday,0,3,Single Family,North District,"2,752",34.2,74.2%,4.47,0.94,239.8,0.00,4.47,1,0,High
REC-0965,HH-197,2026-01-17 11:00,2026-01-17,11,Saturday,1,3,Single Family,North District,"2,752",41.1,69.9%,2.87,0.60,240.3,2.82,0.05,0,0,Moderate
REC-0966,HH-197,2026-01-17 19:00,2026-01-17,19,Saturday,1,3,Single Family,North District,"2,752",34.1,76.7%,4.68,0.98,239.7,0.00,4.68,1,0,High
REC-0967,HH-197,2026-02-03 08:00,2026-02-03,8,Tuesday,0,3,Single Family,North District,"2,752",26.3,84.2%,3.50,0.74,240.1,0.00,3.50,0,0,High
REC-0968,HH-197,2026-02-08 14:00,2026-02-08,14,Sunday,1,3,Single Family,North District,"2,752",48.1,67.9%,0.08,0.02,268.1,3.98,-3.90,0,1,Critical Peak
REC-0969,HH-197,2026-02-19 20:00,2026-02-19,20,Thursday,0,3,Single Family,North District,"2,752",40.0,69.6%,3.80,0.80,240.0,0.00,3.80,1,0,High
REC-0970,HH-197,2026-03-05 23:00,2026-03-05,23,Thursday,0,3,Single Family,North District,"2,752",44.1,67.5%,1.51,0.32,240.7,0.00,1.51,0,0,Low
REC-0971,HH-198,2026-01-12 03:00,2026-01-12,3,Monday,0,2,Apartment,West Hills,813,25.7,83.4%,1.57,0.36,240.9,0.00,1.57,0,0,Low
REC-0972,HH-198,2026-01-12 07:00,2026-01-12,7,Monday,0,2,Apartment,West Hills,813,26.6,83.9%,2.51,0.58,240.6,0.00,2.51,0,0,Moderate
REC-0973,HH-198,2026-01-14 13:00,2026-01-14,13,Wednesday,0,2,Apartment,West Hills,813,40.4,74.1%,1.47,0.34,240.9,0.00,1.47,0,0,Low
REC-0974,HH-198,2026-01-14 18:00,2026-01-14,18,Wednesday,0,2,Apartment,West Hills,813,35.1,73.5%,2.81,0.65,240.5,0.00,2.81,1,0,Moderate
REC-0975,HH-198,2026-01-17 11:00,2026-01-17,11,Saturday,1,2,Apartment,West Hills,813,44.8,67.0%,1.67,0.38,240.9,0.00,1.67,0,0,Moderate
REC-0976,HH-198,2026-01-17 19:00,2026-01-17,19,Saturday,1,2,Apartment,West Hills,813,37.8,73.8%,2.85,0.66,240.5,0.00,2.85,1,0,Moderate
REC-0977,HH-198,2026-02-03 08:00,2026-02-03,8,Tuesday,0,2,Apartment,West Hills,813,30.0,81.2%,2.67,0.61,240.5,0.00,2.67,0,0,Moderate
REC-0978,HH-198,2026-02-08 14:00,2026-02-08,14,Sunday,1,2,Apartment,West Hills,813,51.8,65.0%,1.09,0.25,241.1,0.00,1.09,0,0,Low
REC-0979,HH-198,2026-02-19 20:00,2026-02-19,20,Thursday,0,2,Apartment,West Hills,813,40.9,68.9%,2.19,0.50,240.7,0.00,2.19,1,0,Moderate
REC-0980,HH-198,2026-03-05 23:00,2026-03-05,23,Thursday,0,2,Apartment,West Hills,813,45.0,66.8%,0.83,0.19,241.1,0.00,0.83,0,0,Low
REC-0981,HH-199,2026-01-12 03:00,2026-01-12,3,Monday,0,2,Townhouse,East Metro,"1,624",27.6,81.9%,1.55,0.39,241.1,0.00,1.55,0,0,Low
REC-0982,HH-199,2026-01-12 07:00,2026-01-12,7,Monday,0,2,Townhouse,East Metro,"1,624",31.3,80.2%,2.57,0.64,240.8,0.00,2.57,0,0,Moderate
REC-0983,HH-199,2026-01-14 13:00,2026-01-14,13,Wednesday,0,2,Townhouse,East Metro,"1,624",45.1,70.3%,1.43,0.36,241.1,3.69,-2.26,0,0,Low
REC-0984,HH-199,2026-01-14 18:00,2026-01-14,18,Wednesday,0,2,Townhouse,East Metro,"1,624",39.8,69.8%,3.00,0.75,240.6,0.00,3.00,1,0,Moderate
REC-0985,HH-199,2026-01-17 11:00,2026-01-17,11,Saturday,1,2,Townhouse,East Metro,"1,624",49.5,63.2%,1.69,0.42,241.1,2.82,-1.13,0,0,Moderate
REC-0986,HH-199,2026-01-17 19:00,2026-01-17,19,Saturday,1,2,Townhouse,East Metro,"1,624",39.7,72.2%,3.18,0.80,240.6,0.00,3.18,1,0,Moderate
REC-0987,HH-199,2026-02-03 08:00,2026-02-03,8,Tuesday,0,2,Townhouse,East Metro,"1,624",31.9,79.7%,2.87,0.72,240.7,0.00,2.87,0,0,Moderate
REC-0988,HH-199,2026-02-08 14:00,2026-02-08,14,Sunday,1,2,Townhouse,East Metro,"1,624",53.7,63.4%,1.89,0.47,241.0,3.98,-2.09,0,0,Moderate
REC-0989,HH-199,2026-02-19 20:00,2026-02-19,20,Thursday,0,2,Townhouse,East Metro,"1,624",45.6,65.1%,2.37,0.59,240.8,0.00,2.37,1,0,Moderate
REC-0990,HH-199,2026-03-05 23:00,2026-03-05,23,Thursday,0,2,Townhouse,East Metro,"1,624",49.7,63.0%,0.74,0.19,241.4,0.00,0.74,0,0,Low
REC-0991,HH-200,2026-01-12 03:00,2026-01-12,3,Monday,0,2,Duplex,South Valley,"2,003",31.3,79.0%,1.39,0.38,240.8,0.00,1.39,0,0,Low
REC-0992,HH-200,2026-01-12 07:00,2026-01-12,7,Monday,0,2,Duplex,South Valley,"2,003",35.0,77.2%,2.51,0.68,240.4,0.00,2.51,0,0,Moderate
REC-0993,HH-200,2026-01-14 13:00,2026-01-14,13,Wednesday,0,2,Duplex,South Valley,"2,003",46.0,69.6%,1.44,0.39,240.7,0.00,1.44,0,0,Low
REC-0994,HH-200,2026-01-14 18:00,2026-01-14,18,Wednesday,0,2,Duplex,South Valley,"2,003",40.7,69.0%,3.12,0.84,240.2,0.00,3.12,1,0,Moderate
REC-0995,HH-200,2026-01-17 11:00,2026-01-17,11,Saturday,1,2,Duplex,South Valley,"2,003",50.4,62.5%,1.75,0.47,240.6,0.00,1.75,0,0,Moderate
REC-0996,HH-200,2026-01-17 19:00,2026-01-17,19,Saturday,1,2,Duplex,South Valley,"2,003",43.4,69.3%,3.18,0.86,240.2,0.00,3.18,1,0,Moderate
REC-0997,HH-200,2026-02-03 08:00,2026-02-03,8,Tuesday,0,2,Duplex,South Valley,"2,003",35.6,76.7%,2.81,0.76,240.3,0.00,2.81,0,0,Moderate
REC-0998,HH-200,2026-02-08 14:00,2026-02-08,14,Sunday,1,2,Duplex,South Valley,"2,003",57.4,60.5%,1.98,0.53,240.6,0.00,1.98,0,0,Moderate
REC-0999,HH-200,2026-02-19 20:00,2026-02-19,20,Thursday,0,2,Duplex,South Valley,"2,003",49.3,62.2%,12.50,3.38,202.4,0.00,12.50,1,1,Critical Peak
REC-1000,HH-200,2026-03-05 23:00,2026-03-05,23,Thursday,0,2,Duplex,South Valley,"2,003",50.6,62.3%,0.75,0.20,241.0,0.00,0.75,0,0,Low